id,category,occasionSlug,sourceKey,bucket,reason,shape,extractOk,extractWhy,gate1Hit,entryType,arabicEmpty,translationEmpty,transliterationEmpty,instructionInTranslation,arabicFrameHit,quranNarrativeSubclause
1:1,supplications for when you wake up,sleep-waking,dua-dhikr,BUILDABLE,passes Gate 1/2/3 as currently coded,none,no,no extraction shape applies to this record,,,,,,,,
1:2,supplications for when you wake up,sleep-waking,hisn,BUILDABLE,passes Gate 1/2/3 as currently coded,none,no,no extraction shape applies to this record,,,,,,,,
1:3,supplications for when you wake up,sleep-waking,hisn,BUILDABLE,passes Gate 1/2/3 as currently coded,none,no,no extraction shape applies to this record,,,,,,,,
1:4,supplications for when you wake up,sleep-waking,other,BUILDABLE,passes Gate 1/2/3 as currently coded,none,no,no extraction shape applies to this record,,,,,,,,
10:16,What to say when leaving the home,home-clothing,dua-dhikr,BUILDABLE,passes Gate 1/2/3 as currently coded,none,no,no extraction shape applies to this record,,,,,,,,
10:17,What to say when leaving the home,home-clothing,dua-dhikr,BUILDABLE,passes Gate 1/2/3 as currently coded,none,no,no extraction shape applies to this record,,,,,,,,
100:211,The traveler's invocation for the one he leaves behind,travel,hisn,BUILDABLE,passes Gate 1/2/3 as currently coded,none,no,no extraction shape applies to this record,,,,,,,,
101:212,The resident's invocations for the traveler,travel,dua-dhikr,BUILDABLE,passes Gate 1/2/3 as currently coded,none,no,no extraction shape applies to this record,,,,,,,,
101:213,The resident's invocations for the traveler,travel,dua-dhikr,BUILDABLE,passes Gate 1/2/3 as currently coded,none,no,no extraction shape applies to this record,,,,,,,,
103:215,The traveler's invocation at dawn,travel,hisn,BUILDABLE,passes Gate 1/2/3 as currently coded,none,no,no extraction shape applies to this record,,,,,,,,
104:216,Invocation for a layover (stopping along the way) on the journey,travel,dua-dhikr,BUILDABLE,passes Gate 1/2/3 as currently coded,none,no,no extraction shape applies to this record,,,,,,,,
11:18,What to say when entering the home,home-clothing,hisn,BUILDABLE,passes Gate 1/2/3 as currently coded,none,no,no extraction shape applies to this record,,,,,,,,
114:232,What a Muslim should say when he is praised,forgiveness,hisn,BUILDABLE,passes Gate 1/2/3 as currently coded,none,no,no extraction shape applies to this record,,,,,,,,
117:235,Invocation to be recited between the Yemenite Corner and the Black Stone,hajj-umrah,dua-dhikr,BUILDABLE,passes Gate 1/2/3 as currently coded,none,no,no extraction shape applies to this record,,,,,,,,
12:19,Invocation for going to the mosque,prayer,hisn,BUILDABLE,passes Gate 1/2/3 as currently coded,none,no,no extraction shape applies to this record,,,,,,,,
122:240,What to say when surprised or startled,distress,dua-dhikr,BUILDABLE,passes Gate 1/2/3 as currently coded,none,no,no extraction shape applies to this record,,,,,,,,
122:241,What to say when surprised or startled,distress,dua-dhikr,BUILDABLE,passes Gate 1/2/3 as currently coded,none,no,no extraction shape applies to this record,,,,,,,,
126:245,What to say when you feel frightened,distress,hisn,BUILDABLE,passes Gate 1/2/3 as currently coded,none,no,no extraction shape applies to this record,,,,,,,,
127:246,What to say when slaughtering or sacrificing an animal,food-drink,hisn,BUILDABLE,passes Gate 1/2/3 as currently coded,none,no,no extraction shape applies to this record,,,,,,,,
128:247,What to say to foil the devil's plots,protection,hisn,BUILDABLE,passes Gate 1/2/3 as currently coded,none,no,no extraction shape applies to this record,,,,,,,,
14:21,Invocation for leaving the mosque,prayer,hisn,BUILDABLE,passes Gate 1/2/3 as currently coded,none,no,no extraction shape applies to this record,,,,,,,,
16:27,Invocations for the beginning of the prayer,prayer,hisn,BUILDABLE,passes Gate 1/2/3 as currently coded,none,no,no extraction shape applies to this record,,,,,,,,
16:28,Invocations for the beginning of the prayer,prayer,hisn,BUILDABLE,passes Gate 1/2/3 as currently coded,none,no,no extraction shape applies to this record,,,,,,,,
16:29,Invocations for the beginning of the prayer,prayer,hisn,BUILDABLE,passes Gate 1/2/3 as currently coded,none,no,no extraction shape applies to this record,,,,,,,,
16:30,Invocations for the beginning of the prayer,prayer,hisn,BUILDABLE,passes Gate 1/2/3 as currently coded,none,no,no extraction shape applies to this record,,,,,,,,
16:31,Invocations for the beginning of the prayer,prayer,hisn,BUILDABLE,passes Gate 1/2/3 as currently coded,none,no,no extraction shape applies to this record,,,,,,,,
16:32,Invocations for the beginning of the prayer,prayer,hisn,BUILDABLE,passes Gate 1/2/3 as currently coded,none,no,no extraction shape applies to this record,,,,,,,,
17:33,Invocations during Ruki' (bowing in prayer),prayer,hisn,BUILDABLE,passes Gate 1/2/3 as currently coded,none,no,no extraction shape applies to this record,,,,,,,,
17:34,Invocations during Ruki' (bowing in prayer),prayer,hisn,BUILDABLE,passes Gate 1/2/3 as currently coded,none,no,no extraction shape applies to this record,,,,,,,,
17:35,Invocations during Ruki' (bowing in prayer),prayer,hisn,BUILDABLE,passes Gate 1/2/3 as currently coded,none,no,no extraction shape applies to this record,,,,,,,,
17:36,Invocations during Ruki' (bowing in prayer),prayer,hisn,BUILDABLE,passes Gate 1/2/3 as currently coded,none,no,no extraction shape applies to this record,,,,,,,,
17:37,Invocations during Ruki' (bowing in prayer),prayer,hisn,BUILDABLE,passes Gate 1/2/3 as currently coded,none,no,no extraction shape applies to this record,,,,,,,,
18:38,Invocations for rising from the Ruki',prayer,hisn,BUILDABLE,passes Gate 1/2/3 as currently coded,none,no,no extraction shape applies to this record,,,,,,,,
18:39,Invocations for rising from the Ruki',prayer,hisn,BUILDABLE,passes Gate 1/2/3 as currently coded,none,no,no extraction shape applies to this record,,,,,,,,
18:40,Invocations for rising from the Ruki',prayer,hisn,BUILDABLE,passes Gate 1/2/3 as currently coded,none,no,no extraction shape applies to this record,,,,,,,,
19:41,Invocations during Sujood,prayer,hisn,BUILDABLE,passes Gate 1/2/3 as currently coded,none,no,no extraction shape applies to this record,,,,,,,,
19:42,Invocations during Sujood,prayer,hisn,BUILDABLE,passes Gate 1/2/3 as currently coded,none,no,no extraction shape applies to this record,,,,,,,,
19:43,Invocations during Sujood,prayer,hisn,BUILDABLE,passes Gate 1/2/3 as currently coded,none,no,no extraction shape applies to this record,,,,,,,,
19:44,Invocations during Sujood,prayer,hisn,BUILDABLE,passes Gate 1/2/3 as currently coded,none,no,no extraction shape applies to this record,,,,,,,,
19:45,Invocations during Sujood,prayer,hisn,BUILDABLE,passes Gate 1/2/3 as currently coded,none,no,no extraction shape applies to this record,,,,,,,,
19:47,Invocations during Sujood,prayer,hisn,BUILDABLE,passes Gate 1/2/3 as currently coded,none,no,no extraction shape applies to this record,,,,,,,,
2:5,Invocation when getting dressed,home-clothing,dua-dhikr,BUILDABLE,passes Gate 1/2/3 as currently coded,none,no,no extraction shape applies to this record,,,,,,,,
20:48,Invocations for sitting between two prostrations,prayer,hisn,BUILDABLE,passes Gate 1/2/3 as currently coded,none,no,no extraction shape applies to this record,,,,,,,,
20:49,Invocations for sitting between two prostrations,prayer,hisn,BUILDABLE,passes Gate 1/2/3 as currently coded,none,no,no extraction shape applies to this record,,,,,,,,
21:50,Supplications for prostrating due to recitation of the Qur'an,quran-recitation,hisn,BUILDABLE,passes Gate 1/2/3 as currently coded,none,no,no extraction shape applies to this record,,,,,,,,
21:51,Supplications for prostrating due to recitation of the Qur'an,quran-recitation,hisn,BUILDABLE,passes Gate 1/2/3 as currently coded,none,no,no extraction shape applies to this record,,,,,,,,
23:53,How to recite blessings on the Prophet after the Tashahhud,prayer,hisn,BUILDABLE,passes Gate 1/2/3 as currently coded,none,no,no extraction shape applies to this record,,,,,,,,
23:54,How to recite blessings on the Prophet after the Tashahhud,prayer,hisn,BUILDABLE,passes Gate 1/2/3 as currently coded,none,no,no extraction shape applies to this record,,,,,,,,
24:55,Invocations after the final Tash-ahhud and before ending the prayer,prayer,hisn,BUILDABLE,passes Gate 1/2/3 as currently coded,none,no,no extraction shape applies to this record,,,,,,,,
24:56,Invocations after the final Tash-ahhud and before ending the prayer,prayer,hisn,BUILDABLE,passes Gate 1/2/3 as currently coded,none,no,no extraction shape applies to this record,,,,,,,,
24:57,Invocations after the final Tash-ahhud and before ending the prayer,prayer,hisn,BUILDABLE,passes Gate 1/2/3 as currently coded,none,no,no extraction shape applies to this record,,,,,,,,
24:58,Invocations after the final Tash-ahhud and before ending the prayer,prayer,hisn,BUILDABLE,passes Gate 1/2/3 as currently coded,none,no,no extraction shape applies to this record,,,,,,,,
24:59,Invocations after the final Tash-ahhud and before ending the prayer,prayer,hisn,BUILDABLE,passes Gate 1/2/3 as currently coded,none,no,no extraction shape applies to this record,,,,,,,,
24:61,Invocations after the final Tash-ahhud and before ending the prayer,prayer,hisn,BUILDABLE,passes Gate 1/2/3 as currently coded,none,no,no extraction shape applies to this record,,,,,,,,
24:62,Invocations after the final Tash-ahhud and before ending the prayer,prayer,hisn,BUILDABLE,passes Gate 1/2/3 as currently coded,none,no,no extraction shape applies to this record,,,,,,,,
24:63,Invocations after the final Tash-ahhud and before ending the prayer,prayer,hisn,BUILDABLE,passes Gate 1/2/3 as currently coded,none,no,no extraction shape applies to this record,,,,,,,,
24:64,Invocations after the final Tash-ahhud and before ending the prayer,prayer,hisn,BUILDABLE,passes Gate 1/2/3 as currently coded,none,no,no extraction shape applies to this record,,,,,,,,
24:65,Invocations after the final Tash-ahhud and before ending the prayer,prayer,hisn,BUILDABLE,passes Gate 1/2/3 as currently coded,none,no,no extraction shape applies to this record,,,,,,,,
25:66,What to say after completing the prayer,prayer,hisn,BUILDABLE,passes Gate 1/2/3 as currently coded,none,no,no extraction shape applies to this record,,,,,,,,
25:67,What to say after completing the prayer,prayer,dua-dhikr,BUILDABLE,passes Gate 1/2/3 as currently coded,none,no,no extraction shape applies to this record,,,,,,,,
25:68,What to say after completing the prayer,prayer,dua-dhikr,BUILDABLE,passes Gate 1/2/3 as currently coded,none,no,no extraction shape applies to this record,,,,,,,,
25:69,What to say after completing the prayer,prayer,hisn,BUILDABLE,passes Gate 1/2/3 as currently coded,none,no,no extraction shape applies to this record,,,,,,,,
25:72,What to say after completing the prayer,prayer,hisn,BUILDABLE,passes Gate 1/2/3 as currently coded,none,no,no extraction shape applies to this record,,,,,,,,
25:73,What to say after completing the prayer,prayer,dua-dhikr,BUILDABLE,passes Gate 1/2/3 as currently coded,none,no,no extraction shape applies to this record,,,,,,,,
27:78,Words of remembrance for morning and evening,morning-evening,hisn,BUILDABLE,passes Gate 1/2/3 as currently coded,none,no,no extraction shape applies to this record,,,,,,,,
27:79,Words of remembrance for morning and evening,morning-evening,dua-dhikr,BUILDABLE,passes Gate 1/2/3 as currently coded,none,no,no extraction shape applies to this record,,,,,,,,
27:80,Words of remembrance for morning and evening,morning-evening,hisn,BUILDABLE,passes Gate 1/2/3 as currently coded,none,no,no extraction shape applies to this record,,,,,,,,
27:81,Words of remembrance for morning and evening,morning-evening,hisn,BUILDABLE,passes Gate 1/2/3 as currently coded,none,no,no extraction shape applies to this record,,,,,,,,
27:82,Words of remembrance for morning and evening,morning-evening,dua-dhikr,BUILDABLE,passes Gate 1/2/3 as currently coded,none,no,no extraction shape applies to this record,,,,,,,,
27:83,Words of remembrance for morning and evening,morning-evening,hisn,BUILDABLE,passes Gate 1/2/3 as currently coded,none,no,no extraction shape applies to this record,,,,,,,,
27:84,Words of remembrance for morning and evening,morning-evening,dua-dhikr,BUILDABLE,passes Gate 1/2/3 as currently coded,none,no,no extraction shape applies to this record,,,,,,,,
27:85,Words of remembrance for morning and evening,morning-evening,dua-dhikr,BUILDABLE,passes Gate 1/2/3 as currently coded,none,no,no extraction shape applies to this record,,,,,,,,
27:86,Words of remembrance for morning and evening,morning-evening,dua-dhikr,BUILDABLE,passes Gate 1/2/3 as currently coded,none,no,no extraction shape applies to this record,,,,,,,,
27:87,Words of remembrance for morning and evening,morning-evening,dua-dhikr,BUILDABLE,passes Gate 1/2/3 as currently coded,none,no,no extraction shape applies to this record,,,,,,,,
27:88,Words of remembrance for morning and evening,morning-evening,dua-dhikr,BUILDABLE,passes Gate 1/2/3 as currently coded,none,no,no extraction shape applies to this record,,,,,,,,
27:89,Words of remembrance for morning and evening,morning-evening,hisn,BUILDABLE,passes Gate 1/2/3 as currently coded,none,no,no extraction shape applies to this record,,,,,,,,
27:90,Words of remembrance for morning and evening,morning-evening,dua-dhikr,BUILDABLE,passes Gate 1/2/3 as currently coded,none,no,no extraction shape applies to this record,,,,,,,,
27:91,Words of remembrance for morning and evening,morning-evening,dua-dhikr,BUILDABLE,passes Gate 1/2/3 as currently coded,none,no,no extraction shape applies to this record,,,,,,,,
27:92,Words of remembrance for morning and evening,morning-evening,dua-dhikr,BUILDABLE,passes Gate 1/2/3 as currently coded,none,no,no extraction shape applies to this record,,,,,,,,
27:93,Words of remembrance for morning and evening,morning-evening,dua-dhikr,BUILDABLE,passes Gate 1/2/3 as currently coded,none,no,no extraction shape applies to this record,,,,,,,,
27:94,Words of remembrance for morning and evening,morning-evening,dua-dhikr,BUILDABLE,passes Gate 1/2/3 as currently coded,none,no,no extraction shape applies to this record,,,,,,,,
27:95,Words of remembrance for morning and evening,morning-evening,dua-dhikr,BUILDABLE,passes Gate 1/2/3 as currently coded,none,no,no extraction shape applies to this record,,,,,,,,
27:96,Words of remembrance for morning and evening,morning-evening,dua-dhikr,BUILDABLE,passes Gate 1/2/3 as currently coded,none,no,no extraction shape applies to this record,,,,,,,,
27:97,Words of remembrance for morning and evening,morning-evening,dua-dhikr,BUILDABLE,passes Gate 1/2/3 as currently coded,none,no,no extraction shape applies to this record,,,,,,,,
27:98,Words of remembrance for morning and evening,morning-evening,hisn,BUILDABLE,passes Gate 1/2/3 as currently coded,none,no,no extraction shape applies to this record,,,,,,,,
28:100,What to say before sleeping,sleep-waking,other,BUILDABLE,passes Gate 1/2/3 as currently coded,none,no,no extraction shape applies to this record,,,,,,,,
28:102,What to say before sleeping,sleep-waking,hisn,BUILDABLE,passes Gate 1/2/3 as currently coded,none,no,no extraction shape applies to this record,,,,,,,,
28:103,What to say before sleeping,sleep-waking,hisn,BUILDABLE,passes Gate 1/2/3 as currently coded,none,no,no extraction shape applies to this record,,,,,,,,
28:104,What to say before sleeping,sleep-waking,hisn,BUILDABLE,passes Gate 1/2/3 as currently coded,none,no,no extraction shape applies to this record,,,,,,,,
28:105,What to say before sleeping,sleep-waking,dua-dhikr,BUILDABLE,passes Gate 1/2/3 as currently coded,none,no,no extraction shape applies to this record,,,,,,,,
28:106,What to say before sleeping,sleep-waking,hisn,BUILDABLE,passes Gate 1/2/3 as currently coded,none,no,no extraction shape applies to this record,,,,,,,,
28:107,What to say before sleeping,sleep-waking,hisn,BUILDABLE,passes Gate 1/2/3 as currently coded,none,no,no extraction shape applies to this record,,,,,,,,
28:108,What to say before sleeping,sleep-waking,hisn,BUILDABLE,passes Gate 1/2/3 as currently coded,none,no,no extraction shape applies to this record,,,,,,,,
28:109,What to say before sleeping,sleep-waking,dua-dhikr,BUILDABLE,passes Gate 1/2/3 as currently coded,none,no,no extraction shape applies to this record,,,,,,,,
28:111,What to say before sleeping,sleep-waking,hisn,BUILDABLE,passes Gate 1/2/3 as currently coded,none,no,no extraction shape applies to this record,,,,,,,,
29:112,Invocation to say if you stir in the night,sleep-waking,hisn,BUILDABLE,passes Gate 1/2/3 as currently coded,none,no,no extraction shape applies to this record,,,,,,,,
3:6,Invocation when putting on new clothes,home-clothing,dua-dhikr,BUILDABLE,passes Gate 1/2/3 as currently coded,none,no,no extraction shape applies to this record,,,,,,,,
30:113,What to say if you are afraid to go to sleep or feel lonely and depressed,sleep-waking,hisn,BUILDABLE,passes Gate 1/2/3 as currently coded,none,no,no extraction shape applies to this record,,,,,,,,
32:116,Invocations for Qunut in the Witr prayer,prayer,hisn,BUILDABLE,passes Gate 1/2/3 as currently coded,none,no,no extraction shape applies to this record,,,,,,,,
32:117,Invocations for Qunut in the Witr prayer,prayer,hisn,BUILDABLE,passes Gate 1/2/3 as currently coded,none,no,no extraction shape applies to this record,,,,,,,,
32:118,Invocations for Qunut in the Witr prayer,prayer,hisn,BUILDABLE,passes Gate 1/2/3 as currently coded,none,no,no extraction shape applies to this record,,,,,,,,
34:120,Invocations in times of worry and grief,distress,hisn,BUILDABLE,passes Gate 1/2/3 as currently coded,none,no,no extraction shape applies to this record,,,,,,,,
34:121,Invocations in times of worry and grief,distress,hisn,BUILDABLE,passes Gate 1/2/3 as currently coded,none,no,no extraction shape applies to this record,,,,,,,,
35:122,Invocations for anguish,distress,hisn,BUILDABLE,passes Gate 1/2/3 as currently coded,none,no,no extraction shape applies to this record,,,,,,,,
35:123,Invocations for anguish,distress,hisn,BUILDABLE,passes Gate 1/2/3 as currently coded,none,no,no extraction shape applies to this record,,,,,,,,
35:124,Invocations for anguish,distress,hisn,BUILDABLE,passes Gate 1/2/3 as currently coded,none,no,no extraction shape applies to this record,,,,,,,,
36:126,Invocations for when you meet an adversary or a powerful ruler.,distress,hisn,BUILDABLE,passes Gate 1/2/3 as currently coded,none,no,no extraction shape applies to this record,,,,,,,,
36:127,Invocations for when you meet an adversary or a powerful ruler.,distress,hisn,BUILDABLE,passes Gate 1/2/3 as currently coded,none,no,no extraction shape applies to this record,,,,,,,,
36:128,Invocations for when you meet an adversary or a powerful ruler.,distress,hisn,BUILDABLE,passes Gate 1/2/3 as currently coded,none,no,no extraction shape applies to this record,,,,,,,,
37:129,Invocations against the oppression of rulers,distress,hisn,BUILDABLE,passes Gate 1/2/3 as currently coded,none,no,no extraction shape applies to this record,,,,,,,,
37:130,Invocations against the oppression of rulers,distress,hisn,BUILDABLE,passes Gate 1/2/3 as currently coded,none,no,no extraction shape applies to this record,,,,,,,,
38:131,Invocation against an enemy,protection,hisn,BUILDABLE,passes Gate 1/2/3 as currently coded,none,no,no extraction shape applies to this record,,,,,,,,
39:132,What to say if you fear people may harm you,protection,hisn,BUILDABLE,passes Gate 1/2/3 as currently coded,none,no,no extraction shape applies to this record,,,,,,,,
4:7,Invocations for someone who has put on new clothes,home-clothing,hisn,BUILDABLE,passes Gate 1/2/3 as currently coded,none,no,no extraction shape applies to this record,,,,,,,,
4:8,Invocations for someone who has put on new clothes,home-clothing,hisn,BUILDABLE,passes Gate 1/2/3 as currently coded,none,no,no extraction shape applies to this record,,,,,,,,
41:136,Invocations for the setting of a debt,distress,dua-dhikr,BUILDABLE,passes Gate 1/2/3 as currently coded,none,no,no extraction shape applies to this record,,,,,,,,
41:137,Invocations for the setting of a debt,distress,hisn,BUILDABLE,passes Gate 1/2/3 as currently coded,none,no,no extraction shape applies to this record,,,,,,,,
43:139,Invocation for when you find something becoming difficult for you,distress,dua-dhikr,BUILDABLE,passes Gate 1/2/3 as currently coded,none,no,no extraction shape applies to this record,,,,,,,,
46:144,"Invocation for when something you dislike happens, or for when you fail to achieve what you attempt to do",protection,hisn,BUILDABLE,passes Gate 1/2/3 as currently coded,none,no,no extraction shape applies to this record,,,,,,,,
49:147,Invocations for visiting the sick,funeral-illness,hisn,BUILDABLE,passes Gate 1/2/3 as currently coded,none,no,no extraction shape applies to this record,,,,,,,,
49:148,Invocations for visiting the sick,funeral-illness,hisn,BUILDABLE,passes Gate 1/2/3 as currently coded,none,no,no extraction shape applies to this record,,,,,,,,
5:9,What to say when undressing,home-clothing,dua-dhikr,BUILDABLE,passes Gate 1/2/3 as currently coded,none,no,no extraction shape applies to this record,,,,,,,,
51:150,Invocations of the terminal ill,funeral-illness,hisn,BUILDABLE,passes Gate 1/2/3 as currently coded,none,no,no extraction shape applies to this record,,,,,,,,
51:152,Invocations of the terminal ill,funeral-illness,hisn,BUILDABLE,passes Gate 1/2/3 as currently coded,none,no,no extraction shape applies to this record,,,,,,,,
53:154,Invocation for when tragedy strikes,funeral-illness,dua-dhikr,BUILDABLE,passes Gate 1/2/3 as currently coded,none,no,no extraction shape applies to this record,,,,,,,,
54:155,Invocation for closing the eyes of the dead,funeral-illness,hisn,BUILDABLE,passes Gate 1/2/3 as currently coded,none,no,no extraction shape applies to this record,,,,,,,,
55:156,Invocations for the dead in the Funeral prayer,funeral-illness,hisn,BUILDABLE,passes Gate 1/2/3 as currently coded,none,no,no extraction shape applies to this record,,,,,,,,
55:159,Invocations for the dead in the Funeral prayer,funeral-illness,hisn,BUILDABLE,passes Gate 1/2/3 as currently coded,none,no,no extraction shape applies to this record,,,,,,,,
56:160,Invocations for a child in the Funeral prayer,funeral-illness,hisn,BUILDABLE,passes Gate 1/2/3 as currently coded,none,no,no extraction shape applies to this record,,,,,,,,
56:161,Invocations for a child in the Funeral prayer,funeral-illness,hisn,BUILDABLE,passes Gate 1/2/3 as currently coded,none,no,no extraction shape applies to this record,,,,,,,,
57:162,Invocation for the bereaved,funeral-illness,hisn,BUILDABLE,passes Gate 1/2/3 as currently coded,none,no,no extraction shape applies to this record,,,,,,,,
58:163,Invocation to be recited when placing the dead in his grave,funeral-illness,hisn,BUILDABLE,passes Gate 1/2/3 as currently coded,none,no,no extraction shape applies to this record,,,,,,,,
59:164,Invocation to be recited after burying the dead,funeral-illness,hisn,BUILDABLE,passes Gate 1/2/3 as currently coded,none,no,no extraction shape applies to this record,,,,,,,,
6:10,Invocation for entering the restroom,home-clothing,hisn,BUILDABLE,passes Gate 1/2/3 as currently coded,none,no,no extraction shape applies to this record,,,,,,,,
60:165,Invocation for visiting the graves,funeral-illness,hisn,BUILDABLE,passes Gate 1/2/3 as currently coded,none,no,no extraction shape applies to this record,,,,,,,,
61:166,Invocations for when the wind blows,weather-nature,dua-dhikr,BUILDABLE,passes Gate 1/2/3 as currently coded,none,no,no extraction shape applies to this record,,,,,,,,
62:168,Invocation for when it thunder,weather-nature,hisn,BUILDABLE,passes Gate 1/2/3 as currently coded,none,no,no extraction shape applies to this record,,,,,,,,
63:169,Some invocations for rain,weather-nature,hisn,BUILDABLE,passes Gate 1/2/3 as currently coded,none,no,no extraction shape applies to this record,,,,,,,,
63:170,Some invocations for rain,weather-nature,hisn,BUILDABLE,passes Gate 1/2/3 as currently coded,none,no,no extraction shape applies to this record,,,,,,,,
63:171,Some invocations for rain,weather-nature,hisn,BUILDABLE,passes Gate 1/2/3 as currently coded,none,no,no extraction shape applies to this record,,,,,,,,
64:172,Invocation for when it rains,weather-nature,dua-dhikr,BUILDABLE,passes Gate 1/2/3 as currently coded,none,no,no extraction shape applies to this record,,,,,,,,
65:173,Supplication after it rains,weather-nature,dua-dhikr,BUILDABLE,passes Gate 1/2/3 as currently coded,none,no,no extraction shape applies to this record,,,,,,,,
66:174,Invocation for the withholding of the rain,weather-nature,dua-dhikr,BUILDABLE,passes Gate 1/2/3 as currently coded,none,no,no extraction shape applies to this record,,,,,,,,
67:175,Invocation for sighting the new moon,weather-nature,hisn,BUILDABLE,passes Gate 1/2/3 as currently coded,none,no,no extraction shape applies to this record,,,,,,,,
68:176,Invocations for breaking the fast,fasting,dua-dhikr,BUILDABLE,passes Gate 1/2/3 as currently coded,none,no,no extraction shape applies to this record,,,,,,,,
68:177,Invocations for breaking the fast,fasting,hisn,BUILDABLE,passes Gate 1/2/3 as currently coded,none,no,no extraction shape applies to this record,,,,,,,,
69:179,Invocations before eating,food-drink,hisn,BUILDABLE,passes Gate 1/2/3 as currently coded,none,no,no extraction shape applies to this record,,,,,,,,
7:11,Invocation for leaving the restroom,home-clothing,dua-dhikr,BUILDABLE,passes Gate 1/2/3 as currently coded,none,no,no extraction shape applies to this record,,,,,,,,
70:180,Invocations after eating,food-drink,dua-dhikr,BUILDABLE,passes Gate 1/2/3 as currently coded,none,no,no extraction shape applies to this record,,,,,,,,
70:181,Invocations after eating,food-drink,hisn,BUILDABLE,passes Gate 1/2/3 as currently coded,none,no,no extraction shape applies to this record,,,,,,,,
71:182,A dinner guest's invocation for his host,food-drink,hisn,BUILDABLE,passes Gate 1/2/3 as currently coded,none,no,no extraction shape applies to this record,,,,,,,,
72:183,Invocation for someone who gives you drink or offers it to you,food-drink,hisn,BUILDABLE,passes Gate 1/2/3 as currently coded,none,no,no extraction shape applies to this record,,,,,,,,
73:184,Invocation for a family who invites you to break your fast with them,fasting,hisn,BUILDABLE,passes Gate 1/2/3 as currently coded,none,no,no extraction shape applies to this record,,,,,,,,
75:186,What to say when you are fasting and someone is rude to you,fasting,hisn,BUILDABLE,passes Gate 1/2/3 as currently coded,none,no,no extraction shape applies to this record,,,,,,,,
76:187,Invocation for when you see the first dates of the season,food-drink,hisn,BUILDABLE,passes Gate 1/2/3 as currently coded,none,no,no extraction shape applies to this record,,,,,,,,
78:189,What to say to the disbeliever if he sneezes and praises Allah,social,dua-dhikr,BUILDABLE,passes Gate 1/2/3 as currently coded,none,no,no extraction shape applies to this record,,,,,,,,
79:190,Invocation for the groom,family-children,hisn,BUILDABLE,passes Gate 1/2/3 as currently coded,none,no,no extraction shape applies to this record,,,,,,,,
8:12,What to say before performing ablution,prayer,dua-dhikr,BUILDABLE,passes Gate 1/2/3 as currently coded,none,no,no extraction shape applies to this record,,,,,,,,
81:192,Invocation to be recited before intercourse,family-children,hisn,BUILDABLE,passes Gate 1/2/3 as currently coded,none,no,no extraction shape applies to this record,,,,,,,,
83:194,What to say if you see someone afflicted by misfortune,praise-dhikr,hisn,BUILDABLE,passes Gate 1/2/3 as currently coded,none,no,no extraction shape applies to this record,,,,,,,,
85:196,The Expiation of Assembly - Kaffaratul-Majlis,forgiveness,hisn,BUILDABLE,passes Gate 1/2/3 as currently coded,none,no,no extraction shape applies to this record,,,,,,,,
89:200,Invocation for someone who tells you I love you for the sake of Allah,social,hisn,BUILDABLE,passes Gate 1/2/3 as currently coded,none,no,no extraction shape applies to this record,,,,,,,,
9:13,What to say upon completing ablution,prayer,hisn,BUILDABLE,passes Gate 1/2/3 as currently coded,none,no,no extraction shape applies to this record,,,,,,,,
9:14,What to say upon completing ablution,prayer,hisn,BUILDABLE,passes Gate 1/2/3 as currently coded,none,no,no extraction shape applies to this record,,,,,,,,
9:15,What to say upon completing ablution,prayer,hisn,BUILDABLE,passes Gate 1/2/3 as currently coded,none,no,no extraction shape applies to this record,,,,,,,,
90:201,Invocation for someone who offers you a share of his wealth,provision,hisn,BUILDABLE,passes Gate 1/2/3 as currently coded,none,no,no extraction shape applies to this record,,,,,,,,
91:202,Invocation (upon receipt of the loan) for someone who lends you money,provision,hisn,BUILDABLE,passes Gate 1/2/3 as currently coded,none,no,no extraction shape applies to this record,,,,,,,,
95:206,Invocation for riding in a vehicle or on an animal,travel,hisn,BUILDABLE,passes Gate 1/2/3 as currently coded,none,no,no extraction shape applies to this record,,,,,,,,
97:208,Invocation for entering a town or city,travel,hisn,BUILDABLE,passes Gate 1/2/3 as currently coded,none,no,no extraction shape applies to this record,,,,,,,,
98:209,Invocation for entering a market,praise-dhikr,hisn,BUILDABLE,passes Gate 1/2/3 as currently coded,none,no,no extraction shape applies to this record,,,,,,,,
99:210,Invocation for when your vehicle or mount begins to fail,travel,dua-dhikr,BUILDABLE,passes Gate 1/2/3 as currently coded,none,no,no extraction shape applies to this record,,,,,,,,
