chapter_slug,chapter_label,duas_in_chapter,gets_static_chapter_page,collections,tier,tier_reason,keyword_rule,primary_keyword,secondary_keywords,title_tag,meta_description,keyword_was_rewritten,original_perplexity_keyword,cannibalization_flag,index_decision
quranic-supplications,Qur'anic supplications,99,yes,The Qur'an,A,A - High volume / high competition (pillar chapter),derive_per_entry_from_translation,,,,,no,dua for quranic supplications,,index
chapters-on-supplication-kitab-al-daawat,Chapters on Supplication (Kitab al-Da'awat),53,yes,Jami at-Tirmidhi,A,A - High volume / high competition (pillar chapter),derive_per_entry_from_translation,,,,,no,dua for chapters on supplication,,index
seeking-refuge-with-allah-kitab-al-istiadha,Seeking Refuge with Allah (Kitab al-Isti'adha),36,yes,Sunan an-Nasa'i,A,A - High volume / high competition (pillar chapter),derive_per_entry_from_translation,,,,,no,dua for seeking refuge with allah,,index
words-of-remembrance-for-morning-and-evening,Words of remembrance for morning and evening,24,yes,"Other source, Hisn al-Muslim, dua-dhikr collection",A,A - High volume / high competition,derive_per_entry_from_translation,,,,,yes,ayatul kursi,COLLISION: 'ayatul kursi' is owned by FAMOUS rank 1. Chapter page must target the plural/list variant or be noindex.,index
remembrance-supplication-kitab-al-dhikr-wal-dua,Remembrance & Supplication (Kitab al-Dhikr wa'l-Du'a),22,yes,Sahih Muslim,A,A - High volume / high competition (pillar chapter),derive_per_entry_from_translation,,,,,no,dua for remembrance & supplication,,index
supplications-in-the-witr-prayer-kitab-al-witr,Supplications in the Witr Prayer (Kitab al-Witr),21,yes,Sunan Abi Dawud,A,A - High volume / high competition (pillar chapter),derive_per_entry_from_translation,,,,,no,dua for the witr prayer,,index
supplication-kitab-al-dua,Supplication (Kitab al-Du'a),20,yes,Sunan Ibn Majah,A,A - High volume / high competition (pillar chapter),derive_per_entry_from_translation,,,,,no,dua for supplication,,index
the-excellence-of-remembering-allah,The excellence of remembering Allah,12,yes,"Hisn al-Muslim, Other source",B,B - Medium volume / medium competition,use_as_is,virtues of dhikr,,"Virtues of dhikr – Arabic, Transliteration & Meaning","Virtues of dhikr in Arabic with transliteration and English translation, with the source reference from Hisn al-Muslim, Other source and when to recite it.",yes,dua for the excellence of remembering allah,,index
invocations-after-the-final-tash-ahhud-and-before-ending-the,Invocations after the final Tash-ahhud and before ending the prayer,11,yes,"Hisn al-Muslim, Other source",B,B - Medium volume / medium competition,use_as_is,dua for after the final tash-ahhud and before ending the prayer,dua for after the final tash-ahhud and before ending the prayer in english; dua for after the final tash-ahhud and before ending the prayer transliteration; dua for after the final tash-ahhud and before ending the prayer with meaning; short dua for after the final tash-ahhud and before ending the prayer,Dua for after the final tash-ahhud and before ending the pr…,"Dua for after the final tash-ahhud and before ending the prayer in Arabic, transliteration and English, from Hisn al-Muslim, Other source.",no,dua for after the final tash-ahhud and before ending the prayer,,index
what-to-say-before-sleeping,What to say before sleeping,11,yes,"Other source, Hisn al-Muslim, dua-dhikr collection",B,B - Medium volume / medium competition,use_as_is,dua for sleeping,dua for sleeping in english; dua for sleeping transliteration; dua for sleeping with meaning; short dua for sleeping,"Dua for sleeping – Arabic, Transliteration & Meaning","Dua for sleeping in Arabic with transliteration and English translation, sourced from Other source, Hisn al-Muslim, dua-dhikr collection.",no,dua for sleeping,,index
what-to-say-after-completing-the-prayer,What to say after completing the prayer,8,yes,"Hisn al-Muslim, dua-dhikr collection, Other source",B,B - Medium volume / medium competition,use_as_is,dua for completing the prayer,dua for completing the prayer in english; dua for completing the prayer transliteration; dua for completing the prayer with meaning; short dua for completing the prayer,Dua for completing the prayer – Arabic & English Meaning,"Dua for completing the prayer in Arabic with transliteration and English translation, sourced from Hisn al-Muslim, dua-dhikr collection, Other source.",no,dua for completing the prayer,,index
invocations-during-sujood,Invocations during Sujood,7,yes,"Hisn al-Muslim, Other source",B,B - Medium volume / medium competition,use_as_is,dua for sujood,dua for sujood in english; dua for sujood transliteration; dua for sujood with meaning; short dua for sujood,"Dua for sujood – Arabic, Transliteration & Meaning","Dua for sujood in Arabic with transliteration and English translation, with the source reference from Hisn al-Muslim, Other source and when to recite it.",no,dua for sujood,,index
invocations-kitab-al-daawat,Invocations (Kitab al-Da'awat),7,yes,Sahih al-Bukhari,B,B - Medium volume / medium competition,derive_per_entry_from_translation,,,,,no,dua for invocations kitab al da awat,,index
invocations-for-the-beginning-of-the-prayer,Invocations for the beginning of the prayer,6,yes,Hisn al-Muslim,B,B - Medium volume / medium competition,use_as_is,dua for the beginning of the prayer,dua for the beginning of the prayer in english; dua for the beginning of the prayer transliteration; dua for the beginning of the prayer with meaning; short dua for the beginning of the prayer,Dua for the beginning of the prayer – Arabic & Meaning,"Dua for the beginning of the prayer in Arabic with transliteration and English translation, sourced from Hisn al-Muslim.",no,dua for the beginning of the prayer,,index
invocations-during-ruki-bowing-in-prayer,Invocations during Ruki' (bowing in prayer),5,yes,Hisn al-Muslim,B,B - Medium volume / medium competition,use_as_is,dua for ruku,,"Dua for ruku – Arabic, Transliteration & Meaning","Dua for ruku in Arabic with transliteration and English translation, with the source reference from Hisn al-Muslim and when to recite it.",yes,dua for ruki,,index
invocations-for-anguish,Invocations for anguish,4,yes,Hisn al-Muslim,B,B - Medium volume / medium competition,use_as_is,dua for anguish,dua for anguish in english; dua for anguish transliteration; dua for anguish with meaning; short dua for anguish,"Dua for anguish – Arabic, Transliteration & Meaning","Dua for anguish in Arabic with transliteration and English translation, with the source reference from Hisn al-Muslim and when to recite it.",no,dua for anguish,,index
invocations-for-the-dead-in-the-funeral-prayer,Invocations for the dead in the Funeral prayer,4,yes,"Hisn al-Muslim, Other source",B,B - Medium volume / medium competition,use_as_is,dua for the dead in the funeral prayer,dua for the dead in the funeral prayer in english; dua for the dead in the funeral prayer transliteration; dua for the dead in the funeral prayer with meaning; short dua for the dead in the funeral prayer,Dua for the dead in the funeral prayer – Arabic & Meaning,"Dua for the dead in the funeral prayer in Arabic with transliteration and English translation, sourced from Hisn al-Muslim, Other source.",no,dua for the dead in the funeral prayer,,index
repentance-and-seeking-forgiveness,Repentance and seeking forgiveness,4,yes,Hisn al-Muslim,B,B - Medium-high volume,use_as_is,dua for repentance and forgiveness,,Dua for repentance and forgiveness – Arabic & Meaning,"Dua for repentance and forgiveness in Arabic with transliteration and English translation, sourced from Hisn al-Muslim.",yes,sayyidul istighfar,COLLISION: 'sayyidul istighfar' is owned by FAMOUS rank 16. Chapter page must target the plural/list variant or be noindex.,index
supplications-for-when-you-wake-up,supplications for when you wake up,4,yes,"dua-dhikr collection, Hisn al-Muslim, Other source",B,B - Medium volume / medium competition,use_as_is,dua when you wake up,dua when you wake up in english; dua when you wake up transliteration; dua when you wake up with meaning; short dua when you wake up,"Dua when you wake up – Arabic, Transliteration & Meaning","Dua when you wake up in Arabic with transliteration and English translation, sourced from dua-dhikr collection, Hisn al-Muslim, Other source.",no,dua when you wake up,,index
what-to-say-upon-hearing-the-athan-call-to-prayer,What to say upon hearing the Athan (call to prayer),4,yes,Hisn al-Muslim,B,"B - Medium volume, low competition",use_as_is,dua after azan,dua to say when hearing azan; response to athan; dua after adhan in english,"Dua after azan – Arabic, Transliteration & Meaning","Dua after azan in Arabic with transliteration and English translation, with the source reference from Hisn al-Muslim and when to recite it.",no,dua after azan,,index
invocations-against-the-devil-and-his-promptings,Invocations against the Devil and his promptings,3,no,Hisn al-Muslim,B,B - Medium volume / medium competition,use_as_is,,,,,yes,dua for the devil and his promptings,RESOLVED: chapter flipped to no-page; keyword parked with famous rank 26,"no chapter page — 3 entries are remedies, not supplications (Gate 1 route-out)"
invocations-for-qunut-in-the-witr-prayer,Invocations for Qunut in the Witr prayer,3,yes,Hisn al-Muslim,B,B - Medium volume / medium competition,use_as_is,dua for qunut in the witr prayer,dua for qunut in the witr prayer in english; dua for qunut in the witr prayer transliteration; dua for qunut in the witr prayer with meaning; short dua for qunut in the witr prayer,Dua for qunut in the witr prayer – Arabic & English Meaning,"Dua for qunut in the witr prayer in Arabic with transliteration and English translation, sourced from Hisn al-Muslim.",no,dua for qunut in the witr prayer,,index
invocations-for-rising-from-the-ruki,Invocations for rising from the Ruki',3,yes,Hisn al-Muslim,B,B - Medium volume / medium competition,use_as_is,dua after rising from ruku,,Dua after rising from ruku – Arabic & English Meaning,"Dua after rising from ruku in Arabic with transliteration and English translation, with the source reference from Hisn al-Muslim and when to recite it.",yes,dua for rising from the ruki,,index
invocations-for-when-you-meet-an-adversary-or-a-powerful-rul,Invocations for when you meet an adversary or a powerful ruler.,3,yes,Hisn al-Muslim,B,B - Medium volume / medium competition,use_as_is,dua when you meet an adversary or a powerful ruler,dua when you meet an adversary or a powerful ruler in english; dua when you meet an adversary or a powerful ruler transliteration; dua when you meet an adversary or a powerful ruler with meaning; short dua when you meet an adversary or a powerful ruler,Dua when you meet an adversary or a powerful ruler,"Dua when you meet an adversary or a powerful ruler in Arabic with transliteration and English translation, sourced from Hisn al-Muslim.",no,dua when you meet an adversary or a powerful ruler,,index
invocations-of-the-terminal-ill,Invocations of the terminal ill,3,yes,Hisn al-Muslim,B,B - Medium volume / medium competition,use_as_is,dua for the terminally ill,,Dua for the terminally ill – Arabic & English Meaning,"Dua for the terminally ill in Arabic with transliteration and English translation, with the source reference from Hisn al-Muslim and when to recite it.",yes,dua for the terminal ill,,index
some-invocations-for-rain,Some invocations for rain,3,yes,Hisn al-Muslim,B,"B - Medium volume, seasonal",use_as_is,duas for rain and drought,dua when it rains; istisqa dua; dua for rain in english,Duas for rain and drought – Arabic & Meaning,"Duas for rain and drought in Arabic, transliteration and English, from Hisn al-Muslim.",no,dua for rain,"RESOLVED: Hub occasion/weather-nature owns ""dua for rain""; chapter takes the list variant",index
what-to-say-upon-completing-ablution,What to say upon completing ablution,3,yes,Hisn al-Muslim,B,B - Medium volume,use_as_is,dua after wudu,dua after ablution; dua after wudu in english; wudu dua transliteration,"Dua after wudu – Arabic, Transliteration & Meaning","Dua after wudu in Arabic with transliteration and English translation, with the source reference from Hisn al-Muslim and when to recite it.",no,dua after wudu,,index
how-to-recite-blessings-on-the-prophet-after-the-tashahhud,How to recite blessings on the Prophet after the Tashahhud,2,no,Hisn al-Muslim,C,C - Low/long-tail volume / very low competition,use_as_is,durood after tashahhud,,,,yes,dua for recite blessings on the prophet after the tashahhud,,no chapter page — duas surface via occasion/source hubs only
invocations-after-eating,Invocations after eating,2,no,"dua-dhikr collection, Hisn al-Muslim",B,B - Medium volume,use_as_is,dua after eating,alhamdulillah dua after eating; dua after meal in english,,,no,dua after eating,,no chapter page — duas surface via occasion/source hubs only
invocations-against-the-oppression-of-rulers,Invocations against the oppression of rulers,2,no,Hisn al-Muslim,C,C - Low/long-tail volume / very low competition,use_as_is,dua against oppression,,,,yes,dua for the oppression of rulers,,no chapter page — duas surface via occasion/source hubs only
invocations-before-eating,Invocations before eating,2,no,Hisn al-Muslim,B,B - Medium volume,use_as_is,dua before eating,bismillah dua before eating; dua before eating food in english,,,no,dua before eating,COLLISION: 'dua before eating' is owned by HUB occasion/food-drink. Chapter page must target the plural/list variant or be noindex.,no chapter page — duas surface via occasion/source hubs only
invocations-for-a-child-in-the-funeral-prayer,Invocations for a child in the Funeral prayer,2,no,Hisn al-Muslim,C,C - Low/long-tail volume / very low competition,use_as_is,dua for a child in the funeral prayer,dua for a child in the funeral prayer in english; dua for a child in the funeral prayer transliteration; dua for a child in the funeral prayer with meaning; short dua for a child in the funeral prayer,,,no,dua for a child in the funeral prayer,,no chapter page — duas surface via occasion/source hubs only
invocations-for-breaking-the-fast,Invocations for breaking the fast,2,no,"dua-dhikr collection, Hisn al-Muslim",B,"B - Medium-high volume, seasonal (Ramadan)",use_as_is,dua for breaking fast,iftar dua; dua for iftar in english; dua for breaking fast ramadan,,,no,dua for breaking fast,,no chapter page — duas surface via occasion/source hubs only
invocations-for-if-you-are-stricken-by-in-your-faith,Invocations for if you are stricken by in your faith,2,no,Hisn al-Muslim,C,C - Low/long-tail volume / very low competition,use_as_is,dua for doubts in faith,,,,yes,dua if you are stricken by in your faith,,no chapter page — duas surface via occasion/source hubs only
invocations-for-sitting-between-two-prostrations,Invocations for sitting between two prostrations,2,no,Hisn al-Muslim,C,C - Low/long-tail volume / very low competition,use_as_is,dua for sitting between two prostrations,dua for sitting between two prostrations in english; dua for sitting between two prostrations transliteration; dua for sitting between two prostrations with meaning; short dua for sitting between two prostrations,,,no,dua for sitting between two prostrations,,no chapter page — duas surface via occasion/source hubs only
invocations-for-someone-who-has-put-on-new-clothes,Invocations for someone who has put on new clothes,2,no,Hisn al-Muslim,C,C - Low/long-tail volume / very low competition,use_as_is,dua for someone wearing new clothes,,,,yes,dua for someone who has put on new clothes,,no chapter page — duas surface via occasion/source hubs only
invocations-for-the-setting-of-a-debt,Invocations for the setting of a debt,2,no,"dua-dhikr collection, Hisn al-Muslim",C,C - Low/long-tail volume / very low competition,use_as_is,dua for debt relief,,,,yes,dua for the setting of a debt,,no chapter page — duas surface via occasion/source hubs only
invocations-for-visiting-the-sick,Invocations for visiting the sick,2,no,Hisn al-Muslim,B,B - Medium volume,use_as_is,dua for visiting the sick,dua for sick person recovery; dua for someone who is ill,,,no,dua for visiting the sick,,no chapter page — duas surface via occasion/source hubs only
invocations-for-when-the-wind-blows,Invocations for when the wind blows,2,no,"dua-dhikr collection, Other source",C,C - Low/long-tail volume / very low competition,use_as_is,dua when the wind blows,dua when the wind blows in english; dua when the wind blows transliteration; dua when the wind blows with meaning; short dua when the wind blows,,,no,dua when the wind blows,,no chapter page — duas surface via occasion/source hubs only
invocations-in-times-of-worry-and-grief,Invocations in times of worry and grief,2,no,Hisn al-Muslim,B,B - Medium-high volume,use_as_is,dua for worry and grief,hasbunallahu wa ni'mal wakeel; dua for anxiety islam; dua for sadness,,,no,dua for worry and grief,,no chapter page — duas surface via occasion/source hubs only
supplications-for-prostrating-due-to-recitation-of-the-quran,Supplications for prostrating due to recitation of the Qur'an,2,no,Hisn al-Muslim,C,C - Low/long-tail volume / very low competition,use_as_is,dua for sajdah tilawah,,,,yes,dua for prostrating due to recitation of the quran,,no chapter page — duas surface via occasion/source hubs only
the-residents-invocations-for-the-traveler,The resident's invocations for the traveler,2,no,dua-dhikr collection,C,C - Low/long-tail volume / very low competition,use_as_is,dua for someone travelling,,,,yes,dua for invocations for the traveler,,no chapter page — duas surface via occasion/source hubs only
what-to-do-if-you-have-a-bad-dream-or-nightmare,What to do if you have a bad dream or nightmare,2,no,Hisn al-Muslim,C,C - Low/long-tail volume / very low competition,use_as_is,dua for bad dreams,,,,yes,dua for what to do if you have a bad dream or nightmare,,no chapter page — duas surface via occasion/source hubs only
what-to-say-when-leaving-the-home,What to say when leaving the home,2,no,dua-dhikr collection,B,B - Medium volume / low competition,use_as_is,dua for leaving the house,dua when leaving home; leaving house dua in english,,,no,dua for leaving the house,,no chapter page — duas surface via occasion/source hubs only
what-to-say-when-surprised-or-startled,What to say when surprised or startled,2,no,dua-dhikr collection,C,C - Low/long-tail volume / very low competition,use_as_is,dua when startled,,,,yes,dua for surprised or startled,,no chapter page — duas surface via occasion/source hubs only
a-dinner-guests-invocation-for-his-host,A dinner guest's invocation for his host,1,no,Hisn al-Muslim,C,C - Long-tail volume / near-zero competition (easy win),use_as_is,dua for the host after eating,,,,yes,dua for invocation for his host,,no chapter page — duas surface via occasion/source hubs only
congratulations-for-new-parents-and-how-they-should-respond,Congratulations for new parents and how they should respond,1,no,Hisn al-Muslim,B,B - Medium volume,use_as_is,dua for newborn baby,islamic congratulations for new baby; dua for new parents; tahnik dua,,,no,dua for newborn baby,,no chapter page — duas surface via occasion/source hubs only
glorifying-and-magnifying-allah-on-the-journey,Glorifying and magnifying Allah on the journey,1,no,Hisn al-Muslim,C,C - Long-tail volume / near-zero competition (easy win),use_as_is,dhikr while travelling,,,,yes,dua for glorifying and magnifying allah on the journey,,no chapter page — duas surface via occasion/source hubs only
how-a-muslim-should-praise-another-muslim,How a Muslim should praise another Muslim,1,no,Hisn al-Muslim,C,C - Long-tail volume / near-zero competition (easy win),use_as_is,how to praise someone in islam,,,,yes,dua for praise another muslim,,no chapter page — duas surface via occasion/source hubs only
how-to-reply-to-a-disbeliever-if-he-says-salam-to-you,How to reply to a disbeliever if he says Salam to you,1,no,Hisn al-Muslim,C,C - Long-tail volume / near-zero competition (easy win),use_as_is,replying to salam from a non-muslim,,,,yes,dua for reply to a disbeliever if he says salam to you,,no chapter page — duas surface via occasion/source hubs only
how-to-seek-allahs-protection-for-children,How to seek Allah's protection for children,1,no,Hisn al-Muslim,C,C - Long-tail volume / near-zero competition (easy win),use_as_is,dua for protection of children,,,,yes,dua for seek allahs protection for children,,no chapter page — duas surface via occasion/source hubs only
invocation-against-an-enemy,Invocation against an enemy,1,no,Hisn al-Muslim,C,C - Long-tail volume / near-zero competition (easy win),use_as_is,dua for an enemy,dua for an enemy in english; dua for an enemy transliteration; dua for an enemy with meaning; short dua for an enemy,,,no,dua for an enemy,,no chapter page — duas surface via occasion/source hubs only
invocation-against-evil-portent,Invocation against evil portent,1,no,Hisn al-Muslim,C,C - Long-tail volume / near-zero competition (easy win),use_as_is,dua for evil portent,dua for evil portent in english; dua for evil portent transliteration; dua for evil portent with meaning; short dua for evil portent,,,no,dua for evil portent,,no chapter page — duas surface via occasion/source hubs only
invocation-for-a-family-who-invites-you-to-break-your-fast-w,Invocation for a family who invites you to break your fast with them,1,no,Hisn al-Muslim,C,C - Long-tail volume / near-zero competition (easy win),use_as_is,dua for a family who invites you to break your fast with them,dua for a family who invites you to break your fast with them in english; dua for a family who invites you to break your fast with them transliteration; dua for a family who invites you to break your fast with them with meaning; short dua for a family who invites you to break your fast with them,,,no,dua for a family who invites you to break your fast with them,,no chapter page — duas surface via occasion/source hubs only
invocation-for-a-layover-stopping-along-the-way-on-the-journ,Invocation for a layover (stopping along the way) on the journey,1,no,dua-dhikr collection,C,C - Long-tail volume / near-zero competition (easy win),use_as_is,dua for a layover  on the journey,dua for a layover  on the journey in english; dua for a layover  on the journey transliteration; dua for a layover  on the journey with meaning; short dua for a layover  on the journey,,,no,dua for a layover  on the journey,,no chapter page — duas surface via occasion/source hubs only
invocation-for-allahs-protection-from-the-false-messiah,Invocation for Allah's protection from the False Messiah,1,no,Hisn al-Muslim,C,C - Long-tail volume / near-zero competition (easy win),use_as_is,dua for protection from dajjal,,,,yes,dua for allahs protection from the false messiah,,no chapter page — duas surface via occasion/source hubs only
invocation-for-anger,Invocation for anger,1,no,Hisn al-Muslim,B,B - Medium volume,use_as_is,dua for anger,dua to control anger; a'udhu billahi minash shaitanir rajim anger,,,no,dua for anger,,no chapter page — duas surface via occasion/source hubs only
invocation-for-at-tashahhud-sitting-in-prayer,Invocation for At-Tashahhud (sitting in prayer),1,no,Other source,C,C - Long-tail volume / near-zero competition (easy win),use_as_is,tashahhud dua,,,,yes,dua for at-tashahhud,,no chapter page — duas surface via occasion/source hubs only
invocation-for-closing-the-eyes-of-the-dead,Invocation for closing the eyes of the dead,1,no,Hisn al-Muslim,C,C - Long-tail volume / near-zero competition (easy win),use_as_is,dua for closing the eyes of the dead,dua for closing the eyes of the dead in english; dua for closing the eyes of the dead transliteration; dua for closing the eyes of the dead with meaning; short dua for closing the eyes of the dead,,,no,dua for closing the eyes of the dead,,no chapter page — duas surface via occasion/source hubs only
invocation-for-entering-a-market,Invocation for entering a market,1,no,Hisn al-Muslim,C,C - Long-tail volume / near-zero competition (easy win),use_as_is,dua for entering a market,dua for entering a market in english; dua for entering a market transliteration; dua for entering a market with meaning; short dua for entering a market,,,no,dua for entering a market,,no chapter page — duas surface via occasion/source hubs only
invocation-for-entering-a-town-or-city,Invocation for entering a town or city,1,no,Hisn al-Muslim,C,C - Long-tail volume / near-zero competition (easy win),use_as_is,dua for entering a town or city,dua for entering a town or city in english; dua for entering a town or city transliteration; dua for entering a town or city with meaning; short dua for entering a town or city,,,no,dua for entering a town or city,,no chapter page — duas surface via occasion/source hubs only
invocation-for-entering-the-mosque,Invocation for entering the mosque,1,no,Hisn al-Muslim,B,B - Medium volume / low competition,use_as_is,dua for entering the mosque,dua when entering masjid; entering mosque dua in english; dua for entering mosque with right foot,,,no,dua for entering the mosque,COLLISION: 'dua for entering the mosque' is owned by FAMOUS rank 19. Chapter page must target the plural/list variant or be noindex.,no chapter page — duas surface via occasion/source hubs only
invocation-for-entering-the-restroom,Invocation for entering the restroom,1,no,Hisn al-Muslim,B,B - Medium volume / low competition,use_as_is,dua for entering the bathroom,dua before entering toilet; bathroom dua in english; dua for entering restroom transliteration,,,no,dua for entering the bathroom,,no chapter page — duas surface via occasion/source hubs only
invocation-for-fear-of-shirk,Invocation for fear of Shirk,1,no,Hisn al-Muslim,C,C - Long-tail volume / near-zero competition (easy win),use_as_is,dua for fear of shirk,dua for fear of shirk in english; dua for fear of shirk transliteration; dua for fear of shirk with meaning; short dua for fear of shirk,,,no,dua for fear of shirk,,no chapter page — duas surface via occasion/source hubs only
invocation-for-going-to-the-mosque,Invocation for going to the mosque,1,no,Hisn al-Muslim,C,C - Long-tail volume / near-zero competition (easy win),use_as_is,dua for going to the mosque,dua for going to the mosque in english; dua for going to the mosque transliteration; dua for going to the mosque with meaning; short dua for going to the mosque,,,no,dua for going to the mosque,,no chapter page — duas surface via occasion/source hubs only
invocation-for-leaving-the-mosque,Invocation for leaving the mosque,1,no,Hisn al-Muslim,B,B - Medium volume / low competition,use_as_is,dua for leaving the mosque,dua when leaving masjid; leaving mosque dua in english,,,no,dua for leaving the mosque,,no chapter page — duas surface via occasion/source hubs only
invocation-for-leaving-the-restroom,Invocation for leaving the restroom,1,no,dua-dhikr collection,B,B - Medium volume / low competition,use_as_is,dua for leaving the bathroom,dua after using toilet; leaving toilet dua in english,,,no,dua for leaving the bathroom,,no chapter page — duas surface via occasion/source hubs only
invocation-for-riding-in-a-vehicle-or-on-an-animal,Invocation for riding in a vehicle or on an animal,1,no,Hisn al-Muslim,B,B - Medium volume,use_as_is,dua for travelling by car,dua for riding a vehicle; travel dua in english; dua for boarding a car or plane,,,no,dua for travelling by car,,no chapter page — duas surface via occasion/source hubs only
invocation-for-sighting-the-new-moon,Invocation for sighting the new moon,1,no,Hisn al-Muslim,B,"B - Medium volume, seasonal spike (Ramadan/Eid)",use_as_is,dua for sighting the moon,ramadan moon sighting dua; new moon dua in english; dua for new hijri month,,,no,dua for sighting the moon,,no chapter page — duas surface via occasion/source hubs only
invocation-for-sneezing,Invocation for sneezing,1,no,Hisn al-Muslim,B,B - Medium volume / very low competition,use_as_is,dua for sneezing,what to say when you sneeze islam; alhamdulillah sneezing response; yarhamuk allah reply,,,no,dua for sneezing,,no chapter page — duas surface via occasion/source hubs only
invocation-for-someone-who-does-good-to-you,Invocation for someone who does good to you,1,no,Hisn al-Muslim,C,C - Long-tail volume / near-zero competition (easy win),use_as_is,dua for someone who does good to you,dua for someone who does good to you in english; dua for someone who does good to you transliteration; dua for someone who does good to you with meaning; short dua for someone who does good to you,,,no,dua for someone who does good to you,,no chapter page — duas surface via occasion/source hubs only
invocation-for-someone-who-gives-you-drink-or-offers-it-to-y,Invocation for someone who gives you drink or offers it to you,1,no,Hisn al-Muslim,C,C - Long-tail volume / near-zero competition (easy win),use_as_is,dua for someone who gives you drink or offers it to you,dua for someone who gives you drink or offers it to you in english; dua for someone who gives you drink or offers it to you transliteration; dua for someone who gives you drink or offers it to you with meaning; short dua for someone who gives you drink or offers it to you,,,no,dua for someone who gives you drink or offers it to you,,no chapter page — duas surface via occasion/source hubs only
invocation-for-someone-who-offers-you-a-share-of-his-wealth,Invocation for someone who offers you a share of his wealth,1,no,Hisn al-Muslim,C,C - Long-tail volume / near-zero competition (easy win),use_as_is,dua for someone who gives you money,,,,yes,dua for someone who offers you a share of his wealth,,no chapter page — duas surface via occasion/source hubs only
invocation-for-someone-who-tells-you-i-love-you-for-the-sake,Invocation for someone who tells you I love you for the sake of Allah,1,no,Hisn al-Muslim,C,C - Long-tail volume / near-zero competition (easy win),use_as_is,dua for someone who tells you i love you for the sake of allah,dua for someone who tells you i love you for the sake of allah in english; dua for someone who tells you i love you for the sake of allah transliteration; dua for someone who tells you i love you for the sake of allah with meaning; short dua for someone who tells you i love you for the sake of allah,,,no,dua for someone who tells you i love you for the sake of allah,,no chapter page — duas surface via occasion/source hubs only
invocation-for-someone-who-tells-you-may-allah-bless-you,Invocation for someone who tells you: May Allah bless you,1,no,Hisn al-Muslim,C,C - Long-tail volume / near-zero competition (easy win),use_as_is,reply to barakallahu feek,,,,yes,dua for someone who tells you: may allah bless you,,no chapter page — duas surface via occasion/source hubs only
invocation-for-someone-you-have-spoken-ill-to,Invocation for someone you have spoken ill to,1,no,Hisn al-Muslim,C,C - Long-tail volume / near-zero competition (easy win),use_as_is,dua after backbiting someone,,,,yes,dua for someone you have spoken ill to,,no chapter page — duas surface via occasion/source hubs only
invocation-for-the-bereaved,Invocation for the bereaved,1,no,Hisn al-Muslim,B,B - Medium volume,use_as_is,dua for someone who lost a loved one,,,,yes,dua for someone who passed away,,no chapter page — duas surface via occasion/source hubs only
invocation-for-the-groom,Invocation for the groom,1,no,Hisn al-Muslim,B,B - Medium volume,use_as_is,dua for the groom,barakallahu laka dua; islamic wedding dua for groom,,,no,dua for the groom,,no chapter page — duas surface via occasion/source hubs only
invocation-for-the-withholding-of-the-rain,Invocation for the withholding of the rain,1,no,dua-dhikr collection,C,C - Long-tail volume / near-zero competition (easy win),use_as_is,dua to stop the rain,,,,yes,dua for the withholding of the rain,,no chapter page — duas surface via occasion/source hubs only
invocation-for-traveling,Invocation for traveling,1,no,Hisn al-Muslim,C,C - Long-tail volume / near-zero competition (easy win),use_as_is,dua for traveling,dua for traveling in english; dua for traveling transliteration; dua for traveling with meaning; short dua for traveling,,,no,dua for traveling,,no chapter page — duas surface via occasion/source hubs only
invocation-for-visiting-the-graves,Invocation for visiting the graves,1,no,Hisn al-Muslim,B,B - Medium volume,use_as_is,dua for visiting graveyard,dua when visiting grave; dua for graveyard visit in english,,,no,dua for visiting graveyard,,no chapter page — duas surface via occasion/source hubs only
invocation-for-when-it-rains,Invocation for when it rains,1,no,dua-dhikr collection,B,"B - Medium volume, seasonal",use_as_is,dua when it rains,dua for rainfall; sahih dua for rain,,,no,dua when it rains,,no chapter page — duas surface via occasion/source hubs only
invocation-for-when-it-thunder,Invocation for when it thunder,1,no,Hisn al-Muslim,C,C - Long-tail volume / near-zero competition (easy win),use_as_is,dua for thunder,,,,yes,dua when it thunder,,no chapter page — duas surface via occasion/source hubs only
invocation-for-when-something-you-dislike-happens-or-for-whe,"Invocation for when something you dislike happens, or for when you fail to achieve what you attempt to do",1,no,Hisn al-Muslim,C,C - Long-tail volume / near-zero competition (easy win),use_as_is,"dua when something you dislike happens, or for when you fail to achieve what you attempt to do","dua when something you dislike happens, or for when you fail to achieve what you attempt to do in english; dua when something you dislike happens, or for when you fail to achieve what you attempt to do transliteration; dua when something you dislike happens, or for when you fail to achieve what you attempt to do with meaning; short dua when something you dislike happens, or for when you fail to achieve what you attempt to do",,,no,"dua when something you dislike happens, or for when you fail to achieve what you attempt to do",,no chapter page — duas surface via occasion/source hubs only
invocation-for-when-tragedy-strikes,Invocation for when tragedy strikes,1,no,dua-dhikr collection,C,C - Long-tail volume / near-zero competition (easy win),use_as_is,dua when tragedy strikes,dua when tragedy strikes in english; dua when tragedy strikes transliteration; dua when tragedy strikes with meaning; short dua when tragedy strikes,,,no,dua when tragedy strikes,,no chapter page — duas surface via occasion/source hubs only
invocation-for-when-you-find-something-becoming-difficult-fo,Invocation for when you find something becoming difficult for you,1,no,dua-dhikr collection,C,C - Long-tail volume / near-zero competition (easy win),use_as_is,dua when you find something becoming difficult for you,dua when you find something becoming difficult for you in english; dua when you find something becoming difficult for you transliteration; dua when you find something becoming difficult for you with meaning; short dua when you find something becoming difficult for you,,,no,dua when you find something becoming difficult for you,,no chapter page — duas surface via occasion/source hubs only
invocation-for-when-you-see-the-first-dates-of-the-season,Invocation for when you see the first dates of the season,1,no,Hisn al-Muslim,C,C - Long-tail volume / near-zero competition (easy win),use_as_is,dua for the first fruit of the season,,,,yes,dua when you see the first dates of the season,,no chapter page — duas surface via occasion/source hubs only
invocation-for-when-your-vehicle-or-mount-begins-to-fail,Invocation for when your vehicle or mount begins to fail,1,no,dua-dhikr collection,C,C - Long-tail volume / near-zero competition (easy win),use_as_is,dua for vehicle trouble,,,,yes,dua when your vehicle or mount begins to fail,,no chapter page — duas surface via occasion/source hubs only
invocation-to-be-recited-after-burying-the-dead,Invocation to be recited after burying the dead,1,no,Hisn al-Muslim,C,C - Long-tail volume / near-zero competition (easy win),use_as_is,dua for after burying the dead,dua for after burying the dead in english; dua for after burying the dead transliteration; dua for after burying the dead with meaning; short dua for after burying the dead,,,no,dua for after burying the dead,,no chapter page — duas surface via occasion/source hubs only
invocation-to-be-recited-before-intercourse,Invocation to be recited before intercourse,1,no,Hisn al-Muslim,B,"B - Medium volume, sensitive topic",use_as_is,dua before intimacy in islam,dua before intercourse islam; islamic dua before marital relations,,,no,dua before intimacy in islam,,no chapter page — duas surface via occasion/source hubs only
invocation-to-be-recited-between-the-yemenite-corner-and-the,Invocation to be recited between the Yemenite Corner and the Black Stone,1,no,dua-dhikr collection,C,C - Long-tail volume / near-zero competition (easy win),use_as_is,dua for between the yemenite corner and the black stone,dua for between the yemenite corner and the black stone in english; dua for between the yemenite corner and the black stone transliteration; dua for between the yemenite corner and the black stone with meaning; short dua for between the yemenite corner and the black stone,,,no,dua for between the yemenite corner and the black stone,,no chapter page — duas surface via occasion/source hubs only
invocation-to-be-recited-on-the-day-of-arafat,Invocation to be recited on the Day of Arafat,1,no,Hisn al-Muslim,C,C - Long-tail volume / near-zero competition (easy win),use_as_is,dua for the day of arafat,,,,yes,dua for on the day of arafat,,no chapter page — duas surface via occasion/source hubs only
invocation-to-be-recited-when-placing-the-dead-in-his-grave,Invocation to be recited when placing the dead in his grave,1,no,Hisn al-Muslim,C,C - Long-tail volume / near-zero competition (easy win),use_as_is,dua when placing the dead in his grave,dua when placing the dead in his grave in english; dua when placing the dead in his grave transliteration; dua when placing the dead in his grave with meaning; short dua when placing the dead in his grave,,,no,dua when placing the dead in his grave,,no chapter page — duas surface via occasion/source hubs only
invocation-to-be-recited-while-standing-at-safa-and-marwah,Invocation to be recited while standing at Safa and Marwah,1,no,Hisn al-Muslim,C,C - Long-tail volume / near-zero competition (easy win),use_as_is,dua at safa and marwah,,,,yes,dua for while standing at safa and marwah,,no chapter page — duas surface via occasion/source hubs only
invocation-to-say-if-you-stir-in-the-night,Invocation to say if you stir in the night,1,no,Hisn al-Muslim,C,C - Long-tail volume / near-zero competition (easy win),use_as_is,dua when waking in the night,,,,yes,dua for you stir in the night,,no chapter page — duas surface via occasion/source hubs only
invocation-upon-hearing-a-dog-barking-in-the-night,Invocation upon hearing a dog barking in the night,1,no,Hisn al-Muslim,C,C - Long-tail volume / near-zero competition (easy win),use_as_is,dua when hearing a dog bark at night,,,,yes,dua for hearing a dog barking in the night,,no chapter page — duas surface via occasion/source hubs only
invocation-upon-hearing-the-cocks-crow-or-the-bray-of-a-donk,Invocation upon hearing the cock's crow or the bray of a donkey,1,no,Hisn al-Muslim,C,C - Long-tail volume / near-zero competition (easy win),use_as_is,dua for hearing the cocks crow or the bray of a donkey,dua for hearing the cocks crow or the bray of a donkey in english; dua for hearing the cocks crow or the bray of a donkey transliteration; dua for hearing the cocks crow or the bray of a donkey with meaning; short dua for hearing the cocks crow or the bray of a donkey,,,no,dua for hearing the cocks crow or the bray of a donkey,,no chapter page — duas surface via occasion/source hubs only
invocation-upon-receipt-of-the-loan-for-someone-who-lends-yo,Invocation (upon receipt of the loan) for someone who lends you money,1,no,Hisn al-Muslim,C,C - Long-tail volume / near-zero competition (easy win),use_as_is,dua for invocation  for someone who lends you money,dua for invocation  for someone who lends you money in english; dua for invocation  for someone who lends you money transliteration; dua for invocation  for someone who lends you money with meaning; short dua for invocation  for someone who lends you money,,,no,dua for invocation  for someone who lends you money,,no chapter page — duas surface via occasion/source hubs only
invocation-when-getting-dressed,Invocation when getting dressed,1,no,dua-dhikr collection,C,C - Long-tail volume / near-zero competition (easy win),use_as_is,dua for getting dressed,dua for getting dressed in english; dua for getting dressed transliteration; dua for getting dressed with meaning; short dua for getting dressed,,,no,dua for getting dressed,,no chapter page — duas surface via occasion/source hubs only
invocation-when-putting-on-new-clothes,Invocation when putting on new clothes,1,no,dua-dhikr collection,C,C - Long-tail volume / near-zero competition (easy win),use_as_is,dua for putting on new clothes,dua for putting on new clothes in english; dua for putting on new clothes transliteration; dua for putting on new clothes with meaning; short dua for putting on new clothes,,,no,dua for putting on new clothes,,no chapter page — duas surface via occasion/source hubs only
istikharah-seeking-allahs-counsel,Istikharah (seeking Allah's Counsel),1,no,Hisn al-Muslim,B,B - Medium-high volume / easy-medium competition,use_as_is,how to pray istikhara,,,,yes,dua for istikhara,COLLISION: 'dua for istikhara' is owned by FAMOUS rank 17. Chapter page must target the plural/list variant or be noindex.,no chapter page — duas surface via occasion/source hubs only
saying-allahu-akbar-when-passing-the-black-stone,Saying Allahu Akbar when passing the Black Stone,1,no,Hisn al-Muslim,C,C - Long-tail volume / near-zero competition (easy win),use_as_is,takbir at the black stone,,,,yes,dua for allahu akbar when passing the black stone,,no chapter page — duas surface via occasion/source hubs only
spreading-the-greetings-of-salam-peace,spreading the greetings of Salam (Peace),1,no,Hisn al-Muslim,C,C - Long-tail volume / near-zero competition (easy win),use_as_is,islamic greeting salam,,,,yes,dua for the greetings of salam,,no chapter page — duas surface via occasion/source hubs only
supplication-after-it-rains,Supplication after it rains,1,no,dua-dhikr collection,C,C - Long-tail volume / near-zero competition (easy win),use_as_is,dua after rain,,,,yes,dua for it rains,,no chapter page — duas surface via occasion/source hubs only
the-book-on-al-witr-kitab-al-witr,The Book on Al-Witr (Kitab al-Witr),1,no,Jami at-Tirmidhi,C,C - Long-tail volume / near-zero competition (easy win),derive_per_entry_from_translation,,,,,no,dua for the book on al-witr,,no chapter page — duas surface via occasion/source hubs only
the-expiation-of-assembly-kaffaratul-majlis,The Expiation of Assembly - Kaffaratul-Majlis,1,no,Hisn al-Muslim,C,C - Long-tail volume / near-zero competition (easy win),use_as_is,kaffaratul majlis,,,,yes,dua for the expiation of assembly - kaffaratul-majlis,,no chapter page — duas surface via occasion/source hubs only
the-grooms-supplication-on-the-wedding-night-or-when-buying-,The groom's supplication on the wedding night or when buying an animal,1,no,Hisn al-Muslim,B,B - Medium volume,use_as_is,dua for wedding night,dua for groom on wedding night; islamic marriage night dua,,,no,dua for wedding night,,no chapter page — duas surface via occasion/source hubs only
the-pilgrims-announcement-of-his-arrival-for-hajj-or-umrah,The pilgrim's announcement of his arrival for Hajj or Umrah,1,no,Other source,C,C - Long-tail volume / near-zero competition (easy win),use_as_is,talbiyah,,,,yes,dua for announcement of his arrival for hajj or umrah,,no chapter page — duas surface via occasion/source hubs only
the-travelers-invocation-at-dawn,The traveler's invocation at dawn,1,no,Hisn al-Muslim,C,C - Long-tail volume / near-zero competition (easy win),use_as_is,dua for the traveller at dawn,,,,yes,dua for invocation at dawn,,no chapter page — duas surface via occasion/source hubs only
the-travelers-invocation-for-the-one-he-leaves-behind,The traveler's invocation for the one he leaves behind,1,no,Hisn al-Muslim,C,C - Long-tail volume / near-zero competition (easy win),use_as_is,dua before leaving family for a journey,,,,yes,dua for invocation for the one he leaves behind,,no chapter page — duas surface via occasion/source hubs only
types-of-goodness-and-good-etiquette-for-community-life,Types of goodness and good etiquette for community life,1,no,Hisn al-Muslim,C,C - Long-tail volume / near-zero competition (easy win),use_as_is,islamic etiquette of community life,,,,yes,dua for goodness and good etiquette for community life,,no chapter page — duas surface via occasion/source hubs only
vocation-for-someone-who-says-may-allah-forgive-you,vocation for someone who says: May Allah forgive you,1,no,Hisn al-Muslim,C,C - Long-tail volume / near-zero competition (easy win),use_as_is,reply to may allah forgive you,,,,yes,dua for vocation for someone who says: may allah forgive you,,no chapter page — duas surface via occasion/source hubs only
what-a-muslim-should-say-when-he-is-praised,What a Muslim should say when he is praised,1,no,Hisn al-Muslim,C,C - Long-tail volume / near-zero competition (easy win),use_as_is,what to say when someone praises you,,,,yes,dua for he is praised,,no chapter page — duas surface via occasion/source hubs only
what-to-encourage-the-dying-person-to-say,What to encourage the dying person to say,1,no,Hisn al-Muslim,C,C - Long-tail volume / near-zero competition (easy win),use_as_is,talqeen for the dying,,,,yes,dua for the dying person to say,,no chapter page — duas surface via occasion/source hubs only
what-to-say-and-do-if-you-commit-a-sin,What to say and do if you commit a sin,1,no,Hisn al-Muslim,C,C - Long-tail volume / near-zero competition (easy win),use_as_is,dua after committing a sin,,,,yes,dua for you commit a sin,,no chapter page — duas surface via occasion/source hubs only
what-to-say-before-performing-ablution,What to say before performing ablution,1,no,dua-dhikr collection,B,B - Medium volume,use_as_is,dua before wudu,bismillah before wudu; dua before ablution,,,no,dua before wudu,,no chapter page — duas surface via occasion/source hubs only
what-to-say-if-something-happens-to-please-you-or-to-displea,What to say if something happens to please you or to displease you,1,no,Hisn al-Muslim,C,C - Long-tail volume / near-zero competition (easy win),use_as_is,dua for something happens to please you or to displease you,dua for something happens to please you or to displease you in english; dua for something happens to please you or to displease you transliteration; dua for something happens to please you or to displease you with meaning; short dua for something happens to please you or to displease you,,,no,dua for something happens to please you or to displease you,,no chapter page — duas surface via occasion/source hubs only
what-to-say-if-you-are-afraid-to-go-to-sleep-or-feel-lonely-,What to say if you are afraid to go to sleep or feel lonely and depressed,1,no,Hisn al-Muslim,C,C - Long-tail volume / near-zero competition (easy win),use_as_is,dua for you are afraid to go to sleep or feel lonely and depressed,dua for you are afraid to go to sleep or feel lonely and depressed in english; dua for you are afraid to go to sleep or feel lonely and depressed transliteration; dua for you are afraid to go to sleep or feel lonely and depressed with meaning; short dua for you are afraid to go to sleep or feel lonely and depressed,,,no,dua for you are afraid to go to sleep or feel lonely and depressed,,no chapter page — duas surface via occasion/source hubs only
what-to-say-if-you-fear-people-may-harm-you,What to say if you fear people may harm you,1,no,Hisn al-Muslim,C,C - Long-tail volume / near-zero competition (easy win),use_as_is,dua for protection from harm from people,,,,yes,dua for you fear people may harm you,,no chapter page — duas surface via occasion/source hubs only
what-to-say-if-you-see-someone-afflicted-by-misfortune,What to say if you see someone afflicted by misfortune,1,no,Hisn al-Muslim,C,C - Long-tail volume / near-zero competition (easy win),use_as_is,dua when seeing someone in hardship,,,,yes,dua for you see someone afflicted by misfortune,,no chapter page — duas surface via occasion/source hubs only
what-to-say-immediately-following-the-witr-prayer,What to say immediately following the Witr prayer,1,no,Hisn al-Muslim,C,C - Long-tail volume / near-zero competition (easy win),use_as_is,dua after witr,,,,yes,dua for what to say immediately following the witr prayer,,no chapter page — duas surface via occasion/source hubs only
what-to-say-to-foil-the-devils-plots,What to say to foil the devil's plots,1,no,Hisn al-Muslim,C,C - Long-tail volume / near-zero competition (easy win),use_as_is,dua against shaytan,,,,yes,dua for foil the devils plots,,no chapter page — duas surface via occasion/source hubs only
what-to-say-to-the-disbeliever-if-he-sneezes-and-praises-all,What to say to the disbeliever if he sneezes and praises Allah,1,no,dua-dhikr collection,C,C - Long-tail / very low competition,use_as_is,reply to non-muslim sneezing,what to say if a non-muslim sneezes,,,no,reply to non-muslim sneezing,,no chapter page — duas surface via occasion/source hubs only
what-to-say-upon-returning-from-a-journey,What to say upon returning from a Journey,1,no,Hisn al-Muslim,C,C - Long-tail volume / near-zero competition (easy win),use_as_is,dua for returning from a journey,dua for returning from a journey in english; dua for returning from a journey transliteration; dua for returning from a journey with meaning; short dua for returning from a journey,,,no,dua for returning from a journey,,no chapter page — duas surface via occasion/source hubs only
what-to-say-when-entering-the-home,What to say when entering the home,1,no,Hisn al-Muslim,B,B - Medium volume / low competition,use_as_is,dua for entering the house,dua when entering home; entering house dua in english,,,no,dua for entering the house,COLLISION: 'dua for entering the house' is owned by HUB occasion/home-clothing. Chapter page must target the plural/list variant or be noindex.,no chapter page — duas surface via occasion/source hubs only
what-to-say-when-slaughtering-or-sacrificing-an-animal,What to say when slaughtering or sacrificing an animal,1,no,Hisn al-Muslim,B,"B - Medium volume, seasonal spike (Eid al-Adha)",use_as_is,dua for qurbani,dua before slaughtering animal; qurbani dua in english; eid al adha sacrifice dua,,,no,dua for qurbani,,no chapter page — duas surface via occasion/source hubs only
what-to-say-when-undressing,What to say when undressing,1,no,dua-dhikr collection,C,C - Long-tail volume / near-zero competition (easy win),use_as_is,dua for undressing,dua for undressing in english; dua for undressing transliteration; dua for undressing with meaning; short dua for undressing,,,no,dua for undressing,,no chapter page — duas surface via occasion/source hubs only
what-to-say-when-you-are-fasting-and-someone-is-rude-to-you,What to say when you are fasting and someone is rude to you,1,no,Hisn al-Muslim,C,C - Long-tail volume / near-zero competition (easy win),use_as_is,what to say when insulted while fasting,,,,yes,dua for you are fasting and someone is rude to you,,no chapter page — duas surface via occasion/source hubs only
what-to-say-when-you-fear-you-may-afflict-something-with-the,What to say when you fear you may afflict something with the evil eye,1,no,Hisn al-Muslim,C,C - Long-tail volume / near-zero competition (easy win),use_as_is,dua for you fear you may afflict something with the evil eye,dua for you fear you may afflict something with the evil eye in english; dua for you fear you may afflict something with the evil eye transliteration; dua for you fear you may afflict something with the evil eye with meaning; short dua for you fear you may afflict something with the evil eye,,,no,dua for you fear you may afflict something with the evil eye,,no chapter page — duas surface via occasion/source hubs only
what-to-say-when-you-feel-a-pain-in-your-body,What to say when you feel a pain in your body,1,no,Hisn al-Muslim,C,C - Long-tail volume / near-zero competition (easy win),use_as_is,dua for pain in the body,,,,yes,dua for you feel a pain in your body,,no chapter page — duas surface via occasion/source hubs only
what-to-say-when-you-feel-frightened,What to say when you feel frightened,1,no,Hisn al-Muslim,C,C - Long-tail volume / near-zero competition (easy win),use_as_is,dua when frightened,,,,yes,dua for you feel frightened,,no chapter page — duas surface via occasion/source hubs only
what-to-say-while-sitting-in-an-assembly,What to say while sitting in an assembly,1,no,Hisn al-Muslim,C,C - Long-tail volume / near-zero competition (easy win),use_as_is,dua while sitting in a gathering,,,,yes,dua for sitting in an assembly,,no chapter page — duas surface via occasion/source hubs only
