rank,dua_name,content_type,source_ref,canonical_owner,canonical_note,primary_keyword,secondary_keywords,title_tag,meta_description,unique_value_required,build_wave,why_high_value,corpus_id,build_status,status_note
1,Ayatul Kursi,quran_verse,Quran 2:255,duas,"DEFERRED (D-B): Qur'an Explorer has no per-verse URL, so there is no canonical target. Dua page owns the head term for now. Revisit when /quran/{surah}/{ayah} exists.",ayatul kursi,ayatul kursi in english; ayatul kursi transliteration; ayatul kursi benefits; ayatul kursi pdf,"Ayatul kursi – Arabic, Transliteration & Meaning","Ayatul kursi in Arabic with transliteration and English translation, with the full source reference from the Qur'an (2:255) and when to recite it.",Required before indexing: Block A (original 80-150 word 'when and why to recite' + authentication note) plus at least one Block B component (audio / word-by-word / common-mistake note / FAQ block / sourced fada'il). See DUA-SEO-STRATEGY-v2.md §1.,1,Single highest-traffic Islamic verse search term worldwide - must get its own page even though it sits inside the 'morning-evening' chapter.,27:75,ready,"Extraction shape 4: prefix trim, not clause extraction. 27:75's Arabic carries an isti'adha prefix that is not part of 2:255. Ayat al-Kursi is declarative, so the vocative rule correctly finds no clause. Canonical target for 28:100, 25:71."
2,Rabbana atina fid-dunya hasanah,quran_verse,Quran 2:201,duas,"DEFERRED (D-B): Qur'an Explorer has no per-verse URL, so there is no canonical target. Dua page owns the head term for now. Revisit when /quran/{surah}/{ayah} exists.",dua rabbana atina,rabbana atina fid dunya hasanah meaning; dua for this world and hereafter,"Dua rabbana atina – Arabic, Transliteration & Meaning","Dua rabbana atina in Arabic with transliteration and English translation, with the full source reference from the Qur'an (2:201) and when to recite it.",Required before indexing: Block A (original 80-150 word 'when and why to recite' + authentication note) plus at least one Block B component (audio / word-by-word / common-mistake note / FAQ block / sourced fada'il). See DUA-SEO-STRATEGY-v2.md §1.,1,Extremely popular short memorized dua taught to children - huge recurring search volume.,quran:2:201,ready,Full-ayah record: supplication is a sub-clause. Needs a verified dua_clause_arabic before the Arabic block renders.
3,Rabbana la tu'akhidhna,quran_verse,Quran 2:286,duas,"DEFERRED (D-B): Qur'an Explorer has no per-verse URL, so there is no canonical target. Dua page owns the head term for now. Revisit when /quran/{surah}/{ayah} exists.",rabbana la tuakhidhna dua,rabbana la tuakhidhna in english; end of surah baqarah dua,Rabbana la tuakhidhna dua – Arabic & English Meaning,"Rabbana la tuakhidhna dua in Arabic with transliteration and English translation, sourced from the Qur'an (2:286).",Required before indexing: Block A (original 80-150 word 'when and why to recite' + authentication note) plus at least one Block B component (audio / word-by-word / common-mistake note / FAQ block / sourced fada'il). See DUA-SEO-STRATEGY-v2.md §1.,1,"Very high search volume - closing verses of Surah Al-Baqarah,  widely memorized.",28:101,ready,"Extraction shape 3: 2:286 is bundled with 2:285 inside 28:101 (the two closing Baqarah verses). Not absent, not pending-ingest — needs one verse pulled from a two-verse record."
4,Dua of Yunus (AS) - La ilaha illa anta,quran_verse,Quran 21:87,duas,Dua page owns this head term; cross-link only,dua of yunus,la ilaha illa anta subhanaka dua; dua yunus for relief from hardship,"Dua of yunus – Arabic, Transliteration & Meaning","Dua of yunus in Arabic with transliteration and English translation, with the full source reference from the Qur'an (21:87) and when to recite it.",Required before indexing: Block A (original 80-150 word 'when and why to recite' + authentication note) plus at least one Block B component (audio / word-by-word / common-mistake note / FAQ block / sourced fada'il). See DUA-SEO-STRATEGY-v2.md §1.,1,'Dua of Yunus' is a widely searched named dua for relief from distress - strong branded search term.,quran:21:87,ready,"Ingested Session 0.6 (Pickthall, resource_id 19). build_gate = awaiting-original-rendering. Full-ayah record: needs verified dua_clause_arabic."
5,Rabbi ishrah li sadri,quran_verse,Quran 20:25-28,duas,"DEFERRED (D-B): Qur'an Explorer has no per-verse URL, so there is no canonical target. Dua page owns the head term for now. Revisit when /quran/{surah}/{ayah} exists.",rabbi ishrah li sadri dua,dua of musa for confidence; rabbi ishrah li sadri meaning,Rabbi ishrah li sadri dua – Arabic & English Meaning,"Rabbi ishrah li sadri dua in Arabic with transliteration and English translation, sourced from the Qur'an (20:25-28).",Required before indexing: Block A (original 80-150 word 'when and why to recite' + authentication note) plus at least one Block B component (audio / word-by-word / common-mistake note / FAQ block / sourced fada'il). See DUA-SEO-STRATEGY-v2.md §1.,1,Popular dua for confidence/public speaking - searched by students and professionals.,quran:20:25,ready,"Ingested Session 0.6 (Pickthall, resource_id 19). build_gate = awaiting-original-rendering. Full-ayah record: needs verified dua_clause_arabic."
6,Rabbi zidni ilma,quran_verse,Quran 20:114,duas,"DEFERRED (D-B): Qur'an Explorer has no per-verse URL, so there is no canonical target. Dua page owns the head term for now. Revisit when /quran/{surah}/{ayah} exists.",rabbi zidni ilma dua,dua for increase in knowledge; rabbi zidni ilma meaning,"Rabbi zidni ilma dua – Arabic, Transliteration & Meaning","Rabbi zidni ilma dua in Arabic with transliteration and English translation, with the full source reference from the Qur'an (20:114) and when to recite it.",Required before indexing: Block A (original 80-150 word 'when and why to recite' + authentication note) plus at least one Block B component (audio / word-by-word / common-mistake note / FAQ block / sourced fada'il). See DUA-SEO-STRATEGY-v2.md §1.,1,Very popular among students - 'dua for knowledge' searches spike during exam seasons.,quran:20:114,ready,"Ingested Session 0.6 (Pickthall, resource_id 19). build_gate = awaiting-original-rendering. Full-ayah record: needs verified dua_clause_arabic."
7,Rabbana hab lana min azwajina,quran_verse,Quran 25:74,duas,Dua page owns this head term; cross-link only,dua for righteous spouse and children,rabbana hab lana dua meaning; dua for good spouse islam,Dua for righteous spouse and children – Arabic & Meaning,"Dua for righteous spouse and children in Arabic with transliteration and English translation, sourced from the Qur'an (25:74).",Required before indexing: Block A (original 80-150 word 'when and why to recite' + authentication note) plus at least one Block B component (audio / word-by-word / common-mistake note / FAQ block / sourced fada'il). See DUA-SEO-STRATEGY-v2.md §1.,1,High relevance to marriage-seeking audience - strong evergreen demand.,quran:25:74,ready,Full-ayah record: supplication is a sub-clause. Needs a verified dua_clause_arabic before the Arabic block renders.
8,Rabbi habli minas saliheen,quran_verse,Quran 37:100,duas,Dua page owns this head term; cross-link only,dua of ibrahim for righteous children,dua for righteous offspring; rabbi hab li minas saliheen meaning,Dua of ibrahim for righteous children – Arabic & Meaning,"Dua of ibrahim for righteous children in Arabic with transliteration and English translation, sourced from the Qur'an (37:100).",Required before indexing: Block A (original 80-150 word 'when and why to recite' + authentication note) plus at least one Block B component (audio / word-by-word / common-mistake note / FAQ block / sourced fada'il). See DUA-SEO-STRATEGY-v2.md §1.,1,Popular with expecting/new parents.,quran:37:100,ready,Full-ayah record: supplication is a sub-clause. Needs a verified dua_clause_arabic before the Arabic block renders.
9,Rabbi hab li min ladunka dhurriyyatan tayyibah,quran_verse,Quran 3:38,duas,Dua page owns this head term; cross-link only,dua of zakariya for a child,dua for a child islam; zakariya dua for offspring meaning,Dua of zakariya for a child – Arabic & English Meaning,"Dua of zakariya for a child in Arabic with transliteration and English translation, sourced from the Qur'an (3:38).",Required before indexing: Block A (original 80-150 word 'when and why to recite' + authentication note) plus at least one Block B component (audio / word-by-word / common-mistake note / FAQ block / sourced fada'il). See DUA-SEO-STRATEGY-v2.md §1.,1,"Widely searched by couples trying to conceive - sensitive,  high-intent,  evergreen.",quran:3:38,ready,Full-ayah record: supplication is a sub-clause. Needs a verified dua_clause_arabic before the Arabic block renders.
10,Rabbi inni lima anzalta ilayya min khairin faqir,quran_verse,Quran 28:24,duas,Dua page owns this head term; cross-link only,dua of musa for provision,dua for rizq quran; musa dua for help meaning,Dua of musa for provision – Arabic & English Meaning,"Dua of musa for provision in Arabic with transliteration and English translation, sourced from the Qur'an (28:24).",Required before indexing: Block A (original 80-150 word 'when and why to recite' + authentication note) plus at least one Block B component (audio / word-by-word / common-mistake note / FAQ block / sourced fada'il). See DUA-SEO-STRATEGY-v2.md §1.,1,Feeds 'dua for rizq/provision' cluster with a strong named-dua hook.,quran:28:24,ready,Full-ayah record: supplication is a sub-clause. Needs a verified dua_clause_arabic before the Arabic block renders.
11,Rabbana afrigh alayna sabran,quran_verse,Quran 2:250,duas,Dua page owns this head term; cross-link only,dua for patience and steadfastness,rabbana afrigh alayna sabran meaning; dua for sabr in hardship,Dua for patience and steadfastness – Arabic & Meaning,"Dua for patience and steadfastness in Arabic with transliteration and English translation, sourced from the Qur'an (2:250).",Required before indexing: Block A (original 80-150 word 'when and why to recite' + authentication note) plus at least one Block B component (audio / word-by-word / common-mistake note / FAQ block / sourced fada'il). See DUA-SEO-STRATEGY-v2.md §1.,1,High relevance to distress/anxiety cluster.,quran:2:250,ready,Full-ayah record: supplication is a sub-clause. Needs a verified dua_clause_arabic before the Arabic block renders.
12,Hasbunallahu wa ni'mal wakeel,quran_verse,Quran 3:173,duas,"DEFERRED (D-B): Qur'an Explorer has no per-verse URL, so there is no canonical target. Dua page owns the head term for now. Revisit when /quran/{surah}/{ayah} exists.",hasbunallahu wa niman wakeel,hasbunallah dua meaning; dua for trusting allah in hardship,Hasbunallahu wa niman wakeel – Arabic & English Meaning,"Hasbunallahu wa niman wakeel in Arabic with transliteration and English translation, sourced from the Qur'an (3:173).",Required before indexing: Block A (original 80-150 word 'when and why to recite' + authentication note) plus at least one Block B component (audio / word-by-word / common-mistake note / FAQ block / sourced fada'il). See DUA-SEO-STRATEGY-v2.md §1.,1,"Extremely popular phrase,  huge search volume,  often used as a standalone hashtag/quote.",quran:3:173,ready,"Ingested Session 0.6 (Pickthall, resource_id 19). build_gate = awaiting-original-rendering. Full-ayah record: needs verified dua_clause_arabic."
13,Rabbi ighfir li waliwalidayya,quran_verse,Quran 71:28,duas,Dua page owns this head term; cross-link only,dua for parents forgiveness,dua for parents in quran; rabbi ighfirli waliwalidayya meaning,Dua for parents forgiveness – Arabic & English Meaning,"Dua for parents forgiveness in Arabic with transliteration and English translation, sourced from the Qur'an (71:28).",Required before indexing: Block A (original 80-150 word 'when and why to recite' + authentication note) plus at least one Block B component (audio / word-by-word / common-mistake note / FAQ block / sourced fada'il). See DUA-SEO-STRATEGY-v2.md §1.,1,One of the most emotionally significant and frequently searched family duas.,quran:71:28,ready,"Ingested Session 0.6 (Pickthall, resource_id 19). build_gate = awaiting-original-rendering. Full-ayah record: needs verified dua_clause_arabic."
14,Rabbana la taj'alna fitnatan lilladhina kafaru,quran_verse,Quran 60:5,duas,Dua page owns this head term; cross-link only,dua for protection from disbelievers' mockery,rabbana la taj'alna fitnah meaning,Dua for protection from disbelievers' mockery,"Dua for protection from disbelievers' mockery in Arabic with transliteration and English translation, sourced from the Qur'an (60:5).",Required before indexing: Block A (original 80-150 word 'when and why to recite' + authentication note) plus at least one Block B component (audio / word-by-word / common-mistake note / FAQ block / sourced fada'il). See DUA-SEO-STRATEGY-v2.md §1.,1,"Moderate volume,  strong protection-cluster fit.",quran:60:5,ready,Full-ayah record: supplication is a sub-clause. Needs a verified dua_clause_arabic before the Arabic block renders.
15,Rabbi awzi'ni an ashkura ni'mataka,quran_verse,Quran 27:19,duas,Dua page owns this head term; cross-link only,dua of sulaiman for gratitude,dua for gratitude islam; rabbi awzini meaning,Dua of sulaiman for gratitude – Arabic & English Meaning,"Dua of sulaiman for gratitude in Arabic with transliteration and English translation, sourced from the Qur'an (27:19).",Required before indexing: Block A (original 80-150 word 'when and why to recite' + authentication note) plus at least one Block B component (audio / word-by-word / common-mistake note / FAQ block / sourced fada'il). See DUA-SEO-STRATEGY-v2.md §1.,1,Popular 'dua for shukr/gratitude' search term.,quran:27:19,ready,Full-ayah record: supplication is a sub-clause. Needs a verified dua_clause_arabic before the Arabic block renders.
16,Sayyidul Istighfar,hadith_dua,Hisn al-Muslim (Bukhari),duas,Dua page owns this head term; cross-link only,sayyidul istighfar,sayyidul istighfar in english; master prayer of forgiveness; sayyidul istighfar transliteration,"Sayyidul istighfar – Arabic, Transliteration & Meaning","Sayyidul istighfar in Arabic with transliteration and English translation, with the full source reference from Hisn al-Muslim and when to recite it.",Required before indexing: Block A (original 80-150 word 'when and why to recite' + authentication note) plus at least one Block B component (audio / word-by-word / common-mistake note / FAQ block / sourced fada'il). See DUA-SEO-STRATEGY-v2.md §1.,1,"One of the most-searched named duas in the entire corpus - must be a standalone,  deeply optimized page.",27:79,ready,
17,Istikharah dua,hadith_dua,Hisn al-Muslim (Bukhari),duas,Dua page owns this head term; cross-link only,dua for istikhara,istikhara dua in english; how to pray istikhara; istikhara for marriage,"Dua for istikhara – Arabic, Transliteration & Meaning","Dua for istikhara in Arabic with transliteration and English translation, with the full source reference from Hisn al-Muslim and when to recite it.",Required before indexing: Block A (original 80-150 word 'when and why to recite' + authentication note) plus at least one Block B component (audio / word-by-word / common-mistake note / FAQ block / sourced fada'il). See DUA-SEO-STRATEGY-v2.md §1.,1,"Extremely high,  consistent search volume (marriage/decision-making) - do not deprioritize just because its chapter has only 1 dua.",26:74,ready,
18,Dua Qunut,hadith_dua,Sunan Abi Dawud / Tirmidhi (Witr),duas,Dua page owns this head term; cross-link only,dua qunut,dua qunut in english; dua qunut transliteration; qunut witr dua pdf,"Dua qunut – Arabic, Transliteration & Meaning","Dua qunut in Arabic with transliteration and English translation, with the full source reference from Sunan Abi Dawud / Tirmidhi and when to recite it.",Required before indexing: Block A (original 80-150 word 'when and why to recite' + authentication note) plus at least one Block B component (audio / word-by-word / common-mistake note / FAQ block / sourced fada'il). See DUA-SEO-STRATEGY-v2.md §1.,1,Practicing-Muslim daily/weekly search term with strong repeat-visit potential.,abudawud:1426,blocked,"Class B: abudawud:1426 arabic is a 679-char isnad, not the supplication. Blocked until the Arabic-extraction pass covers it."
19,Dua for entering the mosque,hadith_dua,Hisn al-Muslim,duas,Dua page owns this head term; cross-link only,dua for entering the mosque,dua when entering masjid; entering mosque dua in english,Dua for entering the mosque – Arabic & English Meaning,"Dua for entering the mosque in Arabic with transliteration and English translation, sourced from Hisn al-Muslim.",Required before indexing: Block A (original 80-150 word 'when and why to recite' + authentication note) plus at least one Block B component (audio / word-by-word / common-mistake note / FAQ block / sourced fada'il). See DUA-SEO-STRATEGY-v2.md §1.,1,"Everyday habitual query, low competition long-tail win.",13:20,ready,
20,Dua for travelling (safar),hadith_dua,Hisn al-Muslim,duas,Dua page owns this head term; cross-link only,safar dua,dua for travelling; dua for a safe journey; safar ki dua; dua for travelling by car or plane,"Safar dua – Arabic, Transliteration & Meaning","Safar dua in Arabic with transliteration and English translation, with the source reference from Hisn al-Muslim and when to recite it.",Required before indexing: Block A (original 80-150 word 'when and why to recite' + authentication note) plus at least one Block B component (audio / word-by-word / common-mistake note / FAQ block / sourced fada'il). See DUA-SEO-STRATEGY-v2.md §1.,1,"Consistently high global volume, especially around Hajj/Umrah and holiday travel seasons.",96:207,ready,
21,Rabbi irhamhuma kama rabbayani sagheera,quran_verse,Quran 17:24,duas,Dua page owns this head term; cross-link only,dua for parents mercy,rabbi irhamhuma dua meaning; dua for parents in quran; rabbir hamhuma kama rabbayani,"Dua for parents mercy – Arabic, Transliteration & Meaning","Dua for parents mercy in Arabic with transliteration and English translation, with the full source reference from the Qur'an (17:24) and when to recite it.",Required before indexing: Block A (original 80-150 word 'when and why to recite' + authentication note) plus at least one Block B component (audio / word-by-word / common-mistake note / FAQ block / sourced fada'il). See DUA-SEO-STRATEGY-v2.md §1.,2,"Confirmed by multiple dedicated competitor pages (azkar.me, alim.org) - distinct from the 'forgiveness' parents dua (rank 13); this one is the 'mercy' verse, extremely widely memorized.",quran:17:24,ready,"Ingested Session 0.6 (Pickthall, resource_id 19). build_gate = awaiting-original-rendering. Full-ayah record: needs verified dua_clause_arabic."
22,Talbiyah - Labbaik Allahumma Labbaik,hadith_dua,Hisn al-Muslim / Hajj Sunnah,duas,Dua page owns this head term; cross-link only,talbiyah dua,labbaik allahumma labbaik meaning; talbiyah in english transliteration; talbiyah dua for hajj and umrah,"Talbiyah dua – Arabic, Transliteration & Meaning","Talbiyah dua in Arabic with transliteration and English translation, sourced from Hisn al-Muslim / Hajj Sunnah.",Required before indexing: Block A (original 80-150 word 'when and why to recite' + authentication note) plus at least one Block B component (audio / word-by-word / common-mistake note / FAQ block / sourced fada'il). See DUA-SEO-STRATEGY-v2.md §1.,2,Massive seasonal search spike every Hajj/Umrah season (Dhul Hijjah + Umrah trips year-round) - one of the most chanted/searched phrases in the entire corpus. Treat as Tier A.,115:233,ready,
23,Dua for the Day of Arafat,hadith_dua,Hisn al-Muslim (invocation-to-be-recited-on-the-day-of-arafat),duas,Dua page owns this head term; cross-link only,dua for day of arafat,best dua on day of arafat; day of arafat dua in english; la ilaha illallah wahdahu dua,"Dua for day of arafat – Arabic, Transliteration & Meaning","Dua for day of arafat in Arabic with transliteration and English translation, with the full source reference from Hisn al-Muslim and when to recite it.",Required before indexing: Block A (original 80-150 word 'when and why to recite' + authentication note) plus at least one Block B component (audio / word-by-word / common-mistake note / FAQ block / sourced fada'il). See DUA-SEO-STRATEGY-v2.md §1.,2,Huge seasonal spike (the single most emphasized day for dua acceptance in Islam) - Tier A during Dhul Hijjah.,119:237,ready,
24,Kaffaratul Majlis,hadith_dua,Hisn al-Muslim (the-expiation-of-assembly-kaffaratul-majlis),duas,Dua page owns this head term; cross-link only,kaffaratul majlis dua,subhanaka allahumma wa bihamdika meaning; expiation of the gathering dua; dua after sitting in a gathering,"Kaffaratul majlis dua – Arabic, Transliteration & Meaning","Kaffaratul majlis dua in Arabic with transliteration and English translation, with the full source reference from Hisn al-Muslim and when to recite it.",Required before indexing: Block A (original 80-150 word 'when and why to recite' + authentication note) plus at least one Block B component (audio / word-by-word / common-mistake note / FAQ block / sourced fada'il). See DUA-SEO-STRATEGY-v2.md §1.,2,Well-known named phrase said after every gathering/meeting - strong daily-use search term with dedicated competitor coverage.,85:196,ready,
25,Ruqyah dua (A'udhu bikalimatillahi at-tammati),hadith_dua,Hisn al-Muslim,duas,Dua page owns this head term; cross-link only,ruqyah dua for protection,audhu bikalimatillahi tammati meaning; dua against evil eye and black magic; ruqyah shariah dua,Ruqyah dua for protection – Arabic & English Meaning,"Ruqyah dua for protection in Arabic with transliteration and English translation, with the full source reference from Hisn al-Muslim and when to recite it.",Required before indexing: Block A (original 80-150 word 'when and why to recite' + authentication note) plus at least one Block B component (audio / word-by-word / common-mistake note / FAQ block / sourced fada'il). See DUA-SEO-STRATEGY-v2.md §1.,2,Feeds the huge 'protection' occasion cluster with one of its most specifically-searched sub-phrases.,27:97,ready,canonical target for 104:216
26,Dua for waswasa (whispers of Shaytan),hadith_dua,Hisn al-Muslim (invocations-against-the-devil-and-his-promptings),duas,Dua page owns this head term; cross-link only,dua for waswasa,dua to stop shaytan whispers; a'udhu billahi minash shaitanir rajim meaning; dua for intrusive thoughts islam,"Dua for waswasa – Arabic, Transliteration & Meaning","Dua for waswasa in Arabic with transliteration and English translation, with the full source reference from Hisn al-Muslim and when to recite it.",Required before indexing: Block A (original 80-150 word 'when and why to recite' + authentication note) plus at least one Block B component (audio / word-by-word / common-mistake note / FAQ block / sourced fada'il). See DUA-SEO-STRATEGY-v2.md §1.,2,"Confirmed active content topic (dedicated blog coverage found) - growing search category tied to mental-health-and-faith trend,  same cluster as distress/anxiety.",,dropped,"DROPPED. Hisn ch.45 holds 3 remedies, not supplications — no recitable text exists in the corpus. Keyword 'dua for waswasa' parked; do not reassign it to another page."
27,Dua after waking up (Alhamdu lillahil-ladhi ahyana),hadith_dua,Hisn al-Muslim (supplications-for-when-you-wake-up),duas,Dua page owns this head term; cross-link only,dua after waking up,alhamdulillahi ahyana ba'da ma amatana meaning; morning wake up dua in english,"Dua after waking up – Arabic, Transliteration & Meaning","Dua after waking up in Arabic with transliteration and English translation, with the full source reference from Hisn al-Muslim and when to recite it.",Required before indexing: Block A (original 80-150 word 'when and why to recite' + authentication note) plus at least one Block B component (audio / word-by-word / common-mistake note / FAQ block / sourced fada'il). See DUA-SEO-STRATEGY-v2.md §1.,2,Pairs directly with 'dua before sleeping' (rank in hub list) - give it an equally strong standalone page rather than folding into the sleep hub only.,1:1,ready,
28,Dua for the sick (As'alullahal-'azim),hadith_dua,Hisn al-Muslim (invocations-for-visiting-the-sick),duas,Dua page owns this head term; cross-link only,dua for healing the sick,as'alullahal azim dua meaning; dua for shifa recovery; dua for someone who is sick in english,"Dua for healing the sick – Arabic, Transliteration & Meaning","Dua for healing the sick in Arabic with transliteration and English translation, with the full source reference from Hisn al-Muslim and when to recite it.",Required before indexing: Block A (original 80-150 word 'when and why to recite' + authentication note) plus at least one Block B component (audio / word-by-word / common-mistake note / FAQ block / sourced fada'il). See DUA-SEO-STRATEGY-v2.md §1.,2,"Evergreen high-emotional-intent search,  frequently shared in messaging apps when someone is unwell.",49:148,ready,
29,Dua for entering the market,hadith_dua,Hisn al-Muslim (invocation-for-entering-a-market),duas,Dua page owns this head term; cross-link only,dua for entering the market,la ilaha illallah wahdahu la sharika lah dua; dua for the marketplace in islam,Dua for entering the market – Arabic & English Meaning,"Dua for entering the market in Arabic with transliteration and English translation, sourced from Hisn al-Muslim.",Required before indexing: Block A (original 80-150 word 'when and why to recite' + authentication note) plus at least one Block B component (audio / word-by-word / common-mistake note / FAQ block / sourced fada'il). See DUA-SEO-STRATEGY-v2.md §1.,2,"Everyday habitual query,  very low competition.",98:209,ready,
30,Dua for thunder,hadith_dua,Hisn al-Muslim (invocation-for-when-it-thunder),duas,Dua page owns this head term; cross-link only,dua for thunder,subhanal-ladhi yusabbihur-ra'du bihamdihi meaning; dua when you hear thunder,"Dua for thunder – Arabic, Transliteration & Meaning","Dua for thunder in Arabic with transliteration and English translation, with the full source reference from Hisn al-Muslim and when to recite it.",Required before indexing: Block A (original 80-150 word 'when and why to recite' + authentication note) plus at least one Block B component (audio / word-by-word / common-mistake note / FAQ block / sourced fada'il). See DUA-SEO-STRATEGY-v2.md §1.,2,"Weather-event-triggered search spikes,  low competition.",62:168,ready,
31,Dua for new clothes,hadith_dua,Hisn al-Muslim (invocation-for-someone-who-has-put-on-new-clothes / invocation-when-putting-on-new-clothes),duas,Dua page owns this head term; cross-link only,dua for new clothes,dua when wearing new clothes; allahumma lakal hamdu anta kasawtanihi meaning,"Dua for new clothes – Arabic, Transliteration & Meaning","Dua for new clothes in Arabic with transliteration and English translation, with the full source reference from Hisn al-Muslim and when to recite it.",Required before indexing: Block A (original 80-150 word 'when and why to recite' + authentication note) plus at least one Block B component (audio / word-by-word / common-mistake note / FAQ block / sourced fada'il). See DUA-SEO-STRATEGY-v2.md §1.,2,Popular around Eid (new clothes tradition) - seasonal spike twice a year.,3:6,ready,
32,Dua for visiting graves,hadith_dua,Hisn al-Muslim (invocation-for-visiting-the-graves),duas,Dua page owns this head term; cross-link only,dua for visiting graves,assalamu alaikum ahlad-diyari meaning; dua at the graveyard in english,"Dua for visiting graves – Arabic, Transliteration & Meaning","Dua for visiting graves in Arabic with transliteration and English translation, with the full source reference from Hisn al-Muslim and when to recite it.",Required before indexing: Block A (original 80-150 word 'when and why to recite' + authentication note) plus at least one Block B component (audio / word-by-word / common-mistake note / FAQ block / sourced fada'il). See DUA-SEO-STRATEGY-v2.md §1.,2,Frequently searched around Fridays and Islamic holidays; pairs with the funeral/bereavement cluster.,60:165,ready,
33,Dua for a traveler (resident's dua for someone leaving),hadith_dua,Hisn al-Muslim / dua-dhikr collection (the-residents-invocations-for-the-traveler),duas,Dua page owns this head term; cross-link only,dua for a traveler,astawdiullah dua meaning; dua to say goodbye to a traveler; dua for someone going on a journey,"Dua for a traveler – Arabic, Transliteration & Meaning","Dua for a traveler in Arabic with transliteration and English translation, sourced from Hisn al-Muslim / dua-dhikr collection.",Required before indexing: Block A (original 80-150 word 'when and why to recite' + authentication note) plus at least one Block B component (audio / word-by-word / common-mistake note / FAQ block / sourced fada'il). See DUA-SEO-STRATEGY-v2.md §1.,2,Companion piece to the main travel dua - people search this specifically when seeing someone off.,101:212,ready,
34,Dua for good news,hadith_dua,Hisn al-Muslim,duas,Dua page owns this head term; cross-link only,dua for good news,alhamdulillah dua for good news; dua when something good happens; shukr dua for good news,"Dua for good news – Arabic, Transliteration & Meaning","Dua for good news in Arabic with transliteration and English translation, with the full source reference from Hisn al-Muslim and when to recite it.",Required before indexing: Block A (original 80-150 word 'when and why to recite' + authentication note) plus at least one Block B component (audio / word-by-word / common-mistake note / FAQ block / sourced fada'il). See DUA-SEO-STRATEGY-v2.md §1.,2,"Positive/shareable search intent,  good for social distribution.",106:218,blocked,Gate 3 defect: arabic field opens with narration frame. Do not build until the field is repaired.
35,Dua for the deceased (funeral prayer),hadith_dua,Hisn al-Muslim (invocations-for-the-dead-in-the-funeral-prayer),duas,Dua page owns this head term; cross-link only,dua for the deceased,funeral prayer dua in english; allahummaghfir lahu warhamhu meaning; dua for a dead person,"Dua for the deceased – Arabic, Transliteration & Meaning","Dua for the deceased in Arabic with transliteration and English translation, with the full source reference from Hisn al-Muslim and when to recite it.",Required before indexing: Block A (original 80-150 word 'when and why to recite' + authentication note) plus at least one Block B component (audio / word-by-word / common-mistake note / FAQ block / sourced fada'il). See DUA-SEO-STRATEGY-v2.md §1.,2,Named Salat al-Janazah phrase distinct from the general funeral-illness occasion hub - high emotional-intent search.,55:156,ready,
36,Dua for bad dreams or nightmares,hadith_dua,Hisn al-Muslim (what-to-do-if-you-have-a-bad-dream-or-nightmare),duas,Dua page owns this head term; cross-link only,,dua for nightmares islam; what to do after a bad dream in islam; a'udhu bikalimatillahi tammati min ghadabihi,"Dua for bad dreams – Arabic, Transliteration & Meaning","Dua for bad dreams in Arabic with transliteration and English translation, with the full source reference from Hisn al-Muslim and when to recite it.",Required before indexing: Block A (original 80-150 word 'when and why to recite' + authentication note) plus at least one Block B component (audio / word-by-word / common-mistake note / FAQ block / sourced fada'il). See DUA-SEO-STRATEGY-v2.md §1.,2,"Common late-night search trigger,  low competition,  decent recurring volume.",,dropped,"DROPPED. Corpus holds no bad-dream supplication — ch.31 is two instructions. My repoint to 30:113 was wrong: valid dua, wrong occasion, same re-framing failure as rank 34. Keyword 'dua for bad dreams' parked; do not reassign."
37,Dua for pain in the body,hadith_dua,Hisn al-Muslim (what-to-say-when-you-feel-a-pain-in-your-body),duas,Dua page owns this head term; cross-link only,dua for pain in body,dua for headache islam; bismillah dua for pain meaning; dua for physical pain relief,"Dua for pain in body – Arabic, Transliteration & Meaning","Dua for pain in body in Arabic with transliteration and English translation, with the full source reference from Hisn al-Muslim and when to recite it.",Required before indexing: Block A (original 80-150 word 'when and why to recite' + authentication note) plus at least one Block B component (audio / word-by-word / common-mistake note / FAQ block / sourced fada'il). See DUA-SEO-STRATEGY-v2.md §1.,2,"Everyday health-related search with strong recurring intent,  low competition.",124:243,ready,
38,Dua of Ibrahim for Makkah,quran_verse,Quran 14:35,duas,Dua page owns this head term; cross-link only,dua of ibrahim for makkah,rabbi ij'al hadha baladan aminan meaning; dua for a safe city,Dua of ibrahim for makkah – Arabic & English Meaning,"Dua of ibrahim for makkah in Arabic with transliteration and English translation, sourced from the Qur'an (14:35).",Required before indexing: Block A (original 80-150 word 'when and why to recite' + authentication note) plus at least one Block B component (audio / word-by-word / common-mistake note / FAQ block / sourced fada'il). See DUA-SEO-STRATEGY-v2.md §1.,2,"Well-known Quranic dua,  moderate but steady volume among Quran-study audience.",quran:14:35,ready,Full-ayah record: supplication is a sub-clause. Needs a verified dua_clause_arabic before the Arabic block renders.
39,Dua of Ibrahim and Ismail (building the Kaaba),quran_verse,Quran 2:127,duas,Dua page owns this head term; cross-link only,dua of ibrahim and ismail,rabbana taqabbal minna meaning; dua while building the kaaba,Dua of ibrahim and ismail – Arabic & English Meaning,"Dua of ibrahim and ismail in Arabic with transliteration and English translation, sourced from the Qur'an (2:127).",Required before indexing: Block A (original 80-150 word 'when and why to recite' + authentication note) plus at least one Block B component (audio / word-by-word / common-mistake note / FAQ block / sourced fada'il). See DUA-SEO-STRATEGY-v2.md §1.,2,Popular during Hajj season content searches; pairs well with the Hajj & Umrah occasion hub.,quran:2:127,ready,Full-ayah record: supplication is a sub-clause. Needs a verified dua_clause_arabic before the Arabic block renders.
40,Dua of Ayyub (Job) for healing,quran_verse,Quran 21:83,duas,Dua page owns this head term; cross-link only,dua of ayyub for healing,anni massaniyad-durru meaning; prophet ayyub dua for illness and patience,"Dua of ayyub for healing – Arabic, Transliteration & Meaning","Dua of ayyub for healing in Arabic with transliteration and English translation, sourced from the Qur'an (21:83).",Required before indexing: Block A (original 80-150 word 'when and why to recite' + authentication note) plus at least one Block B component (audio / word-by-word / common-mistake note / FAQ block / sourced fada'il). See DUA-SEO-STRATEGY-v2.md §1.,2,"Strong 'patience in hardship' search intent,  popular in illness-related content clusters.",quran:21:83,ready,"Ingested Session 0.6 (Pickthall, resource_id 19). build_gate = awaiting-original-rendering. Full-ayah record: needs verified dua_clause_arabic."
41,Dua of Nuh for forgiveness,quran_verse,Quran 11:47,duas,Dua page owns this head term; cross-link only,dua of nuh,rabbi inni a'udhu bika meaning; prophet nuh dua for forgiveness,"Dua of nuh – Arabic, Transliteration & Meaning","Dua of nuh in Arabic with transliteration and English translation, with the full source reference from the Qur'an (11:47) and when to recite it.",Required before indexing: Block A (original 80-150 word 'when and why to recite' + authentication note) plus at least one Block B component (audio / word-by-word / common-mistake note / FAQ block / sourced fada'il). See DUA-SEO-STRATEGY-v2.md §1.,2,"Moderate volume,  valuable for a 'duas of the prophets' content series that internally links many Quranic dua pages together.",quran:11:47,ready,Full-ayah record: supplication is a sub-clause. Needs a verified dua_clause_arabic before the Arabic block renders.
42,Dua of Adam and Hawa (repentance),quran_verse,Quran 7:23,duas,Dua page owns this head term; cross-link only,dua of adam and hawa,rabbana zalamna anfusana meaning; dua of adam for forgiveness,"Dua of adam and hawa – Arabic, Transliteration & Meaning","Dua of adam and hawa in Arabic with transliteration and English translation, with the full source reference from the Qur'an (7:23) and when to recite it.",Required before indexing: Block A (original 80-150 word 'when and why to recite' + authentication note) plus at least one Block B component (audio / word-by-word / common-mistake note / FAQ block / sourced fada'il). See DUA-SEO-STRATEGY-v2.md §1.,2,"One of the most recognizable 'dua of the prophets' - very shareable,  good for a prophets'-duas content hub.",quran:7:23,ready,Full-ayah record: supplication is a sub-clause. Needs a verified dua_clause_arabic before the Arabic block renders.
43,Dua of Yusuf (a good death upon faith),quran_verse,Quran 12:101,duas,Dua page owns this head term; cross-link only,dua of yusuf,rabbi qad ataytani minal mulk meaning; dua for a good ending (husn al-khatimah),"Dua of yusuf – Arabic, Transliteration & Meaning","Dua of yusuf in Arabic with transliteration and English translation, with the full source reference from the Qur'an (12:101) and when to recite it.",Required before indexing: Block A (original 80-150 word 'when and why to recite' + authentication note) plus at least one Block B component (audio / word-by-word / common-mistake note / FAQ block / sourced fada'il). See DUA-SEO-STRATEGY-v2.md §1.,2,Ties into the popular 'husn al-khatimah' (good ending) search trend.,quran:12:101,ready,Full-ayah record: supplication is a sub-clause. Needs a verified dua_clause_arabic before the Arabic block renders.
44,Dua against heart deviation,quran_verse,Quran 3:8,duas,Dua page owns this head term; cross-link only,dua for a steadfast heart,rabbana la tuzigh qulubana meaning; dua against heart deviation from faith,Dua for a steadfast heart – Arabic & English Meaning,"Dua for a steadfast heart in Arabic with transliteration and English translation, sourced from the Qur'an (3:8).",Required before indexing: Block A (original 80-150 word 'when and why to recite' + authentication note) plus at least one Block B component (audio / word-by-word / common-mistake note / FAQ block / sourced fada'il). See DUA-SEO-STRATEGY-v2.md §1.,2,"Popular short memorized dua,  frequently quoted on social media.",quran:3:8,ready,Full-ayah record: supplication is a sub-clause. Needs a verified dua_clause_arabic before the Arabic block renders.
45,Dua for firm feet in hardship,quran_verse,Quran 3:147,duas,Dua page owns this head term; cross-link only,dua for firmness and forgiveness in battle,rabbanaghfir lana dhunubana wa israfana meaning; dua for steadfastness in difficulty,Dua for firmness and forgiveness in battle,"Dua for firmness and forgiveness in battle in Arabic with transliteration and English translation, sourced from the Qur'an (3:147).",Required before indexing: Block A (original 80-150 word 'when and why to recite' + authentication note) plus at least one Block B component (audio / word-by-word / common-mistake note / FAQ block / sourced fada'il). See DUA-SEO-STRATEGY-v2.md §1.,2,Moderate volume; pairs with the distress/anxiety occasion cluster.,quran:3:147,ready,Full-ayah record: supplication is a sub-clause. Needs a verified dua_clause_arabic before the Arabic block renders.
46,Dua for light on the Day of Judgment,quran_verse,Quran 66:8,duas,Dua page owns this head term; cross-link only,dua for light on judgement day,rabbana atmim lana nurana meaning; dua for nur (light) in the hereafter,Dua for light on judgement day – Arabic & English Meaning,"Dua for light on judgement day in Arabic with transliteration and English translation, sourced from the Qur'an (66:8).",Required before indexing: Block A (original 80-150 word 'when and why to recite' + authentication note) plus at least one Block B component (audio / word-by-word / common-mistake note / FAQ block / sourced fada'il). See DUA-SEO-STRATEGY-v2.md §1.,2,Niche but consistently searched among Quran-study audiences.,quran:66:8,ready,Full-ayah record: supplication is a sub-clause. Needs a verified dua_clause_arabic before the Arabic block renders.
47,Dua for fulfillment of Allah's promise,quran_verse,Quran 3:194,duas,Dua page owns this head term; cross-link only,dua for allah's promise,rabbana wa aatina ma wa'adtana meaning,"Dua for allah's promise – Arabic, Transliteration & Meaning","Dua for allah's promise in Arabic with transliteration and English translation, sourced from the Qur'an (3:194).",Required before indexing: Block A (original 80-150 word 'when and why to recite' + authentication note) plus at least one Block B component (audio / word-by-word / common-mistake note / FAQ block / sourced fada'il). See DUA-SEO-STRATEGY-v2.md §1.,2,Lower volume; good for completeness of a full 'Rabbana duas' listicle page.,quran:3:194,ready,"Ingested Session 0.6 (Pickthall, resource_id 19). build_gate = awaiting-original-rendering. Full-ayah record: needs verified dua_clause_arabic."
48,Dua at Safa and Marwah,hadith_dua,Hisn al-Muslim (invocation-to-be-recited-while-standing-at-safa-and-marwah),duas,Dua page owns this head term; cross-link only,dua at safa and marwah,dua during sa'i in english; safa and marwah dua transliteration,"Dua at safa and marwah – Arabic, Transliteration & Meaning","Dua at safa and marwah in Arabic with transliteration and English translation, with the full source reference from Hisn al-Muslim and when to recite it.",Required before indexing: Block A (original 80-150 word 'when and why to recite' + authentication note) plus at least one Block B component (audio / word-by-word / common-mistake note / FAQ block / sourced fada'il). See DUA-SEO-STRATEGY-v2.md §1.,2,"Hajj/Umrah seasonal search,  pairs with Talbiyah and Day of Arafat pages.",118:236,ready,
49,Dua between the Yemenite Corner and Black Stone,hadith_dua,Hisn al-Muslim / dua-dhikr collection,duas,Dua page owns this head term; cross-link only,dua during tawaf,dua between yemeni corner and black stone meaning; rabbana atina dua during hajj,"Dua during tawaf – Arabic, Transliteration & Meaning","Dua during tawaf in Arabic with transliteration and English translation, sourced from Hisn al-Muslim / dua-dhikr collection.",Required before indexing: Block A (original 80-150 word 'when and why to recite' + authentication note) plus at least one Block B component (audio / word-by-word / common-mistake note / FAQ block / sourced fada'il). See DUA-SEO-STRATEGY-v2.md §1.,2,Hajj/Umrah seasonal search; reinforces the famous 2:201 verse in a pilgrimage-specific context.,117:235,ready,
50,Dua for the groom (Barakallahu laka),hadith_dua,Hisn al-Muslim (invocation-for-the-groom),duas,Dua page owns this head term; cross-link only,barakallahu laka dua,islamic wedding dua for groom; barakallahu laka wa baraka alayka meaning,"Barakallahu laka dua – Arabic, Transliteration & Meaning","Barakallahu laka dua in Arabic with transliteration and English translation, with the full source reference from Hisn al-Muslim and when to recite it.",Required before indexing: Block A (original 80-150 word 'when and why to recite' + authentication note) plus at least one Block B component (audio / word-by-word / common-mistake note / FAQ block / sourced fada'il). See DUA-SEO-STRATEGY-v2.md §1.,2,Extremely well recognized wedding-congratulation phrase in Muslim communities worldwide - high shareability.,79:190,ready,
